id,director_name
1,Aziz Mirza
2,Thomas Sorriaux
3,Scott Marshall Smith
4,Julien Rambaldi
5,Indra Kumar
6,Fernando Moro
7,Jacob Kornbluth
8,Cody Cameron
9,Phillip Noyce
10,Zoe Berriatúa
11,Guilherme Fontes
12,Sonny Marler
13,Joana Mazzucchelli
14,Jos Humphrey
15,Roland Emmerich
16,Ellen Seidler
17,Atanu Mukherjee
18,Billy Bob Thornton
19,Jon YonKondy
20,Pramod Pawar
21,Daniel Prochaska
22,Johannes Roberts
23,Rodrigo Guardiola
24,Tilak Shetty
25,Pawan Kumar
26,David Gordon Green
27,Melinda Janko
28,Andrew Nackman
29,Fritz Böhm
30,Ari Sandel
31,Max Joseph
32,Neill Blomkamp
33,Karen Maine
34,Sunny Lau
35,David Batra
36,Nora Fingscheidt
37,Sabrina Rochelle Kalangie
38,Matthew Atkinson
39,Steve Pink
40,Hani Al-Shaibani
41,Seth Gordon
42,Lee Kyoungmi
43,Jorge Granier
44,Shadi Ali
45,Eric Zaragosa
46,William Kaufman
47,Matt Ogens
48,Dean Parisot
49,Letizia Lamartire
50,Chanon Yingyong
51,Alice Wu
52,Michael Schmitt
53,Hikari
54,Mayye Zayed
55,Ken Burns
56,Ainsley Gardiner
57,Andres Clariond
58,Joe Robert Cole
59,Rajeev Patil
60,John Duigan
61,Adrian Murray
62,Sam Irvin
63,Adam Collins
64,Herman Yau
65,Nicolas Brossette
66,Kinka Usher
67,Hasan Karacadağ
68,Troy Miller
69,Moyoung Jin
70,Peggy Holmes
71,Dan Kwan
72,Javier Ambrossi
73,Enrique García Meza
74,Aaron Woodley
75,Felix Starck
76,Theodore Witcher
77,Ulrike Kofler
78,Anél Stolp
79,Stanisław Różewicz
80,Domenico de Feudis
81,Gabriel Cruz Rivas
82,Savage Steve Holland
83,Robert Townsend
84,Sion Sono
85,Hemambar Jasti
86,Fernando Ayllón
87,Ahmed Zein
88,Gauravv K Chawla
89,Geoff Luck
90,Rik Reinholdtsen
91,Ana Kokkinos
92,Jeffrey G. Hunt
93,Peter DeLuise
94,Manoj Beedha
95,Luis Alfaro
96,Taketoshi Sado
97,Hikaru Toda
98,Alo Sarkar
99,Jeff Margolis
100,Tomoki Kyoda
101,Mona Achache
102,Maha Venkatesh
103,John Paul Tremblay
104,Steve Barker
105,Stuart Sender
106,Jonathan Milott
107,Hideaki Takizawa
108,Sukum Maetawanitch
109,Anita Udeep
110,Fabrice Du Welz
111,Pan Nalin
112,Robert Vince
113,Michael Pressman
114,Mukesh Vohra
115,Jeff Garlin
116,Stefan Westerwelle
117,Niki Caro
118,Shoojit Sircar
119,Tim Neeves
120,Satish Rajwade
121,Jennie Livingston
122,Rob Reiner
123,Paul Serafini
124,Basava Shankar Eeday
125,Ben Nicholas
126,Pavel Parkhomenko
127,Noé González
128,Takashi Shimizu
129,Vanessa Nöcker
130,Hiroshi Katagiri
131,Rebecca Addelman
132,Brandon Oldenburg
133,Xu Zhang
134,Greg Mottola
135,Koichi Mashimo
136,Marwan Nabil
137,Amro Salah
138,Chang-Min Lee
139,David Bruckner
140,Hubert Woroniecki
141,Natalia Garagiola
142,Femi Oyeniran
143,Jenny Carchman
144,Marc Levin
145,Phillip Youmans
146,Vikram Gandhi
147,Stephen S. Campanelli
148,Martin Lawrence
149,Meshal Aljaser
150,Michael McNamara
151,Lars Kaalund
152,Kevin Peaty
153,Alfonso Cuarón
154,Ranjit Jeyakodi
155,Catherine Hardwicke
156,Yoshiyuki Momose
157,Álex de la Iglesia
158,Craig Freimond
159,Jason Moore
160,Dar Gai
161,Pete Jacobs
162,Mati Diop
163,J. Lee Thompson
164,Jeremy Kipp Walker
165,Prakash Satam
166,Tejas Prabha Vijay Deoskar
167,Mez Tharatorn
168,James Lee
169,Evan Katz
170,Paulo Oriol
171,John Smithson
172,Alex Zamm
173,Bin Bunluerit
174,Jerrold Tarog
175,Simon Verhoeven
176,Sabal Singh Shekawat
177,Ananth Narayan Mahadevan
178,Amitoj Mann
179,Cyrus Nowrasteh
180,Mamoru Hosoda
181,Elsa Flores Almaraz
182,Mike Nicoll
183,Derek Yee
184,Vishal Mahadkar
185,Noor Imran Mithu
186,Santosh Manjrekar
187,Lance Hool
188,Muhammad Fadl
189,Quinn Kanaly
190,Shazia Ali Khan
191,Felix Herngren
192,Takuya Igarashi
193,Robert Rodriguez
194,Megan Siler
195,Rana Ranbir
196,Greg Richardson
197,Dani de la Torre
198,Clay Glen
199,Adze Ugah
200,Parambrata Chatterjee
201,Jean-Loup Felicioli
202,Nikhil Pherwani
203,Pedro Coutinho
204,Jay Lavender
205,Abhishek Sharma
206,Reijer Zwaan
207,Lucien Bourjeily
208,Henrik Ruben Genz
209,Alfonso Arau
210,Wouter Bouvijn
211,Lester Hsi
212,Abhijeet Deshpande
213,Matthew Hope
214,Jason Zada
215,Svati Chakravarty Bhatkal
216,Marco Petry
217,Thor Freudenthal
218,Fouad El-Mohandes
219,Rachel Bell
220,Caroline Suh
221,Dan Forrer
222,Chen Rong-hui
223,Jenny Gage
224,Balu Mahendra
225,K. Gopinathan
226,Giancarlo Esposito
227,Andy Capper
228,Dorian Fernández-Moris
229,Chris McCoy
230,Todor Chapkanov
231,Philip Barantini
232,Anna Migotto
233,Bruce MacDonald
234,Tim Van Someren
235,Roger Gual
236,Christopher Nolen
237,Prakash Kunte
238,Benjamin Weill
239,Nic Mathieu
240,Shaun Paul Piccinino
241,Meenu Gaur
242,Duncan Jones
243,Mark Dindal
244,Tom McCarthy
245,Kalvadour Peterson
246,Sujeeth
247,Tomm Moore
248,Barbra Streisand
249,Mark Zwonitzer
250,Allen Hughes
251,Charles Martin
252,Christopher Cain
253,Alex Merkin
254,Madonne Ashwin
255,Stanley Menino D'Costa
256,Woody Allen
257,Luke Radford
258,Sai Paranjape
259,John Ford
260,Daniel Raim
261,Hang-Jun Jang
262,Michael Fahey
263,Matt Bell
264,Chandrakant Kanse
265,Jakub Piątek
266,Ryan Moody
267,Trivikram Srinivas
268,Walter Hill
269,Thomas Sieben
270,Marla M. Ancheta
271,Ajay Bhuyan
272,Rajiv Chilaka
273,J Blakeson
274,Paul Andrew Williams
275,David Stubbs
276,Robert Radler
277,Linda Saffire
278,Norman Jewison
279,Evan Goldberg
280,Hajime Kamegaki
281,Sunil Thakur
282,Brian Smrz
283,Maria Demeshkina Peek
284,Benjamin Turner
285,Tudor Giurgiu
286,Will McCormack
287,Lana Wilson
288,Eleonore Pourriat
289,Toa Fraser
290,Gabe Klinger
291,Oren Peli
292,Richard Claus
293,David Cantolla
294,Don Hardy Jr.
295,Iginio Straffi
296,Michael Civille
297,Adam Deyoe
298,Pavitra Chalam
299,Paul Miller
300,Rebecca Harrison
301,Thomas Astruc
302,Derek Cianfrance
303,Heidi Saman
304,David Sampliner
305,Yuen Woo-ping
306,Matthew Robinson
307,Josh Safdie
308,Raja Gosnell
309,Victor Zarcoff
310,Brian Baugh
311,Marta Jaenes
312,Karan Malhotra
313,Bill Guttentag
314,Nam Ron
315,Louise Alston
316,Jonathan Taylor
317,Andrew Stanton
318,Shravan Kumar
319,Daniel Calparsoro
320,Abba T. Makama
321,Andy Fickman
322,Aytaç Ağırlar
323,Alaa Eddine Aljem
324,Nathan Ives
325,Eric Goode
326,Krishna Agazzi
327,Vikramaditya Motwane
328,Jung-ah Im
329,Mario Cambi
330,Anubhav Sinha
331,Nagraj Manjule
332,Scott Waugh
333,Cho Il
334,Hari Viswanath
335,Anggy Umbara
336,Olivier Loustau
337,Tanuj Bhramar
338,Michael Mayer
339,Kenneth Müller
340,Xavier Maingon
341,Adarsh Eshwarappa
342,Wayne Blair
343,Aaron Burns
344,Dan Villegas
345,Juraj Šajmovič
346,Farhan Akhtar
347,Fred Wolf
348,Anil Thomas
349,Roger Donaldson
350,Elizabeth Chai Vasarhelyi
351,Kittiphak Thonguam
352,Blake Harris
353,Joey Kern
354,Antonio Morabito
355,Sian Heder
356,Tarsem Singh
357,Bobby Roth
358,Grant Heslov
359,Rakesh Ranjan Kumar
360,Luis Valdez
361,Danny J. Boyle
362,Cheang Pou Soi
363,Monika Mitchell
364,Masahiko Murata
365,Sam Voutas
366,Harry Bradbeer
367,Burak Aksak
368,Santosh Sivan
369,Curtis Hanson
370,Ari Levinson
371,Anneliese Vandenberg
372,Tariq Alkazim
373,Jeeva
374,Nila Madhab Panda
375,Apurva Dhar Badgaiyann
376,Karen Moncrieff
377,Justin Krook
378,Flor Salcedo
379,Rajeev Chaudhari
380,Hassan AbdulSalam
381,Orson Welles
382,Chito S. Roño
383,Gabriel Grieco
384,Paul Munger
385,Robert McCallum
386,Joel Schumacher
387,Tom Whitworth
388,Maya Gallus
389,Tolga Karaçelik
390,Shane Acker
391,Keegan Kuhn
392,Zuko Nodada
393,Salmeen AlMurry Amer
394,Tom Stern
395,Len Wiseman
396,Jay Oliva
397,Vicky Wight
398,Heitor Dhalia
399,Mark Steven Johnson
400,Anees Bazmee
401,John Trengove
402,Vikram Bhatt
403,Ken Kushner
404,Jerry Rothwell
405,Jean-Marc Vallée
406,Anthony Abrams
407,Luis Ara
408,Hashim Nadeem Khan
409,Tyler Measom
410,Chaitanya Tamhane
411,Jack C. Newell
412,Raam Reddy
413,Bong Joon Ho
414,Albert Sharpe
415,Lasse Hallström
416,Mohammed Saeed Harib
417,Ian MacAllister-McDonald
418,Trisha Ziff
419,Atanu Ghosh
420,Peter McDonnell
421,Myles Kane
422,Marco Pontecorvo
423,Olivier Jean-Marie
424,Filip Zylber
425,Golam Kibria Farooki
426,Dan Fraga
427,Nishikant Kamat
428,Roy Poortmans
429,Amit Roy
430,Jeferson De
431,Robert Zemeckis
432,Scott McAboy
433,Clementine Malpas
434,Ladislaus Kiraly
435,David Wain
436,Spike Jonze
437,Erik Nelson
438,Alka Amarkant Dubey
439,Gary Shore
440,Navdeep Singh
441,Shree Narayan Singh
442,Sarah Kruchowski
443,Tamara Jenkins
444,Greg Kohs
445,Jeff Tremaine
446,Alfred Gimeno
447,Arnon Manor
448,Junior Carelli
449,Kunal Deshmukh
450,Han Yan
451,Dhanush
452,Nabil Ayouch
453,Shan Hua
454,Werner Herzog
455,Mark Murphy
456,Miguel Conde
457,Teddy Lussi-Modeste
458,Patrice Laliberté
459,Kevin Peeples
460,Richard Greenberg
461,Drew Casson
462,Stuart Rosenberg
463,Shawn Rech
464,Jon Hurwitz
465,Olaf de Fleur
466,Nate Adams
467,Luv Ranjan
468,Hidenori Inoue
469,Alan Hicks
470,Jesse Peretz
471,Fajar Bustomi
472,Sam Taylor-Johnson
473,Raymie Muzquiz
474,Venkatesh Maha
475,Jon Olb
476,Sachin Kamlakar Khot
477,Anna Stone
478,Adam Alleca
479,David Hackl
480,Jim Gable
481,Sam Liu
482,Dustin Nguyen
483,Thom Fitzgerald
484,Dani de la Orden
485,Kyzza Terrazas
486,Ted Demme
487,Alex Díaz
488,Andrew Sullivan
489,Svetlana Cvetko
490,Terry Jones
491,Gregory Plotkin
492,Jim Fall
493,Peter Sollett
494,John Stockwell
495,Nima Nourizadeh
496,Tiffanie Hsu
497,Ruben Fleischer
498,Brad Silberling
499,Allan Jacobsen
500,Jeremy David White
501,Francesco Carrozzini
502,Christian Duguay
503,Will Allen
504,Dilip Mehta
505,Teo Konuralp
506,Sherif Mandour
507,Brian Helgeland
508,Morgan Ingari
509,Jonathan van Tulleken
510,Dennis Scholl
511,Monica Floyd
512,Richard Miron
513,Abhinay Deo
514,Keith Malloy
515,Hugh WIlson
516,Brian Robbins
517,A. Raajdheep
518,Neil LaBute
519,Abdulaziz Alshlahei
520,Dheeraj Berry
521,Thiagarajan Kumararaja
522,Marco Risi
523,Paul Spurrier
524,Sarah Moshman
525,Chandan Arora
526,Llewellyn M. Smith
527,Joshua Brown
528,Sadeq Behbehani
529,Steve Cheng
530,Rachel Griffiths
531,Anil Sharma
532,Varun Narvekar
533,David Feiss
534,Malik Vitthal
535,Radhika Rao
536,Felipe Cano
537,Lenin Bharathi
538,Thom Zimny
539,Jean-Patrick Benes
540,Shonali Bose
541,Kirati Nakintanon
542,Bob Persichetti
543,Ali Tabrizi
544,Colin Minihan
545,Paul Shoulberg
546,John Ridley
547,Shaad Ali
548,Ashwiny Iyer Tiwari
549,"Sam ""Blitz"" Bazawule"
550,Jun Lana
551,Chen Hung-yi
552,Jelle de Jonge
553,Karim El Sobky
554,Achille Brice
555,Torquil Jones
556,Leopoldo Aguilar
557,Guillermo del Toro
558,Bob Hercules
559,Rodrigo Eba
560,Kevin Kolsch
561,Aruna Raje
562,Adam Salky
563,Ali Scher
564,Taylor Morden
565,Vince Gilligan
566,Diego Corsini
567,Tsutomu Mizushima
568,James Reed
569,Rob LaDuca
570,Gabriela Tagliavini
571,Jesse Adang
572,Sandi Tan
573,Yim Pilsung
574,Barry Levinson
575,Kurt Wimmer
576,Wong Jing
577,N.D. Wilson
578,Samit Kakkad
579,Nawapol Thamrongrattanarit
580,Linas Phillips
581,James Rogan
582,Bruno Ascenzo
583,Chris Columbus
584,Betty Thomas
585,Ruel S. Bayani
586,Derek Peck
587,Ron Myrick
588,Kevin Deters
589,Andrew Dean
590,Hardik Mehta
591,Gil Kenan
592,Nicolás López
593,Michael Blieden
594,Sridhar Jetty
595,Carlos Sedes
596,Christopher Ray
597,Kevin Layne
598,Andy Goddard
599,Paul M. Green
600,Vijay Maurya
601,Carey McKenzie
602,Tony Datis
603,Yvan Attal
604,Richard Finn
605,Rathindran R Prasad
606,Atharv Baluja
607,Manish Saini
608,Izu Ojukwu
609,Scott Cooper
610,Gautier & Leduc
611,Banjong Pisanthanakun
612,Jim Mickle
613,Peter Mortimer
614,Narendra Nath
615,Ryan Coogler
616,Mick Grogan
617,Olivia Milch
618,Perry Lang
619,Michelle Caputo
620,Adam Nee
621,Juan Camilo Pinzon
622,Neri Parenti
623,Adam Bhala Lough
624,Sean Hanish
625,Buddhadev Dasgupta
626,Walerian Borowczyk
627,Faisal al Amer
628,Sam Hobkinson
629,Matthew Miele
630,Phil Johnston
631,Mario Mattei
632,Joachim Fest
633,Bobby Farrelly
634,Kief Davidson
635,Jordi Llompart
636,James Franco
637,David Raynr
638,Clay Staub
639,Robin Swicord
640,Vasanth Sai
641,Franck Phelizon
642,S. Shankar
643,Aamir Bashir
644,Sean Cisterna
645,Michel Tikhomiroff
646,Vivek Agnihotri
647,Jesse Gustafson
648,Cecilia Atán
649,Sarik Andreasyan
650,Ángeles Reiné
651,Garry Marshall
652,Steven R. Monroe
653,Eric Notarnicola
654,Peter Foott
655,Apoorva Lakhia
656,Dave Dorsey
657,Galley Molina
658,Erich Sturm
659,Raja Sen
660,Ah Loong
661,Aaron Moorhead
662,Ben Wallis
663,Javier Ruiz Caldera
664,Manny Rodriguez
665,Kazumi Fukushima
666,Lauren Miller Rogen
667,Eric Idle
668,Richard Curtis
669,Fabio Ock
670,Ryan Koo
671,Frank Ariza
672,Jørgen Lerdam
673,Stefan Brogren
674,Liam Lynch
675,Rick Morales
676,Samuel Jouy
677,Oskar Santos
678,Rachel Talalay
679,Gregory Jacobs
680,Mohammed Hussain
681,Akiyuki Shinbo
682,Roly Santos
683,Matt Thompson
684,Sumit Das
685,Rob Cohen
686,Daniel Noah
687,Stella Corradi
688,Jayan Moodley
689,Rajesh Ganguly
690,Tim Maltby
691,Joe Dietsch
692,Lauren Hoekstra
693,Mark Henn
694,Louie Gibson
695,Ksshitij Chaudhary
696,Abbas Tyrewala
697,Terry Loane
698,Mohamed Samy
699,Andrés Couturier
700,Bas van Teylingen
701,Ilya Naishuller
702,Francis Lee
703,Shyamal Chaulia
704,Stinus Morell Vithner
705,Ippsie Jones
706,Upi Avianto
707,Denny Lu
708,Rodolphe Guenoden
709,Enrico Bisi
710,Tig Notaro
711,Mark Williams
712,Katherine Fairfax Wright
713,Binayak Das
714,Alain Darborg
715,Kitty Green
716,Mamat Khalid
717,Philipp Stölzl
718,Alexandre Reinecke
719,Carlos Moreno
720,Joshua Z. Weinstein
721,Amshan Kumar
722,Sally Potter
723,Andrew Duncan
724,Will Lockhart
725,Fumihiko Sori
726,Jessica Yu
727,Timothy Ware-Hill
728,Deepti Naval
729,Paul Demeyer
730,Ethan Coen
731,Alethea Jones
732,Mani Ratnam
733,Momoko Kamiya
734,Will Yapp
735,Aditya Sarpotdar
736,Justin Lee
737,Elliot Silverstein
738,Ozan Açıktan
739,Matt Kugelman
740,Fabrizio Copano
741,Constance Marks
742,Alison Klayman
743,Nitesh Tiwari
744,Seema Pahwa
745,Gitanjali Rao
746,Lucas Margutti
747,Larry Latham
748,Girish Malik
749,Daniel Sánchez Arévalo
750,Michel Gondry
751,Alice Waddington
752,Matthew Vaughn
753,Pia Sukanya
754,Alexandros Avranas
755,Peter Nicks
756,Leslye Davis
757,Scot Armstrong
758,Chiwetel Ejiofor
759,James L. Brooks
760,Alain Gagnol
761,Tigmanshu Dhulia
762,Kenny Leon
763,Tsuyoshi Nakakuki
764,Ismail Farouk
765,Heber Cannon
766,Avinash Walzade
767,William Eubank
768,Chad Hartigan
769,Ed Lilly
770,Daniel Goldhaber
771,Yu Yang
772,Adam Darke
773,Brodje Wemboendja
774,Kubhaer T. Jethwani
775,Tyler Spindel
776,Jeremy Grant
777,Cosmo Segurson
778,Martin Gorst
779,Kedar Shinde
780,Xavier Manrique
781,Alphonso J. Wesson
782,Siddique
783,Mike McCoy
784,Lev L. Spiro
785,Raja Chanda
786,Maite Ruiz De Austri
787,Alex Coletti
788,Brandon Dickerson
789,Gianfranco Rosi
790,Jan-Peter Horns
791,Volker Arzt
792,Robert Altman
793,Jon Schnitzer
794,Tony Elliott
795,Woo Min-ho
796,A. Salaam
797,Luc Dardenne
798,Federico Veiroj
799,Guntur Soeharjanto
800,Eric Summer
801,Karsten Kiilerich
802,Matías Bize
803,Jérémie Degruson
804,Robiul Alam Robi
805,Rich Moore
806,Terri Randall
807,Rich Schlansker
808,Fernando Frías de la Parra
809,Toka McBaror
810,Buzz Kulik
811,Atul Kale
812,Carlos Bolado
813,Alex Holmes
814,Michael Del Monte
815,Ronna Gradus
816,Alejandra Márquez Abella
817,Viridiana Lieberman
818,Mary Harron
819,Clint Eastwood
820,Mark A.Z. Dippé
821,Ted Braun
822,Marty Stalker
823,Sharon Shattuck
824,Joshua Tickell
825,Tony Stone
826,Stephen Daldry
827,Hatem Khraiche
828,Rajesh Touchriver
829,Richie Smyth
830,Shaina Allen
831,Daniel Sandu
832,Juan Pablo Rebella
833,Isabelle Nanty
834,Beeban Kidron
835,Antonio Díaz
836,Daniel Gray Longino
837,Tamas Yvan Topolanszky
838,Ryu Jung-woo
839,Gastón Duprat
840,Danny Cannon
841,Paco Aguilar
842,Simon Frederick
843,Bill Plympton
844,Bhavin Wadia
845,Rob Seidenglanz
846,Brad Anderson
847,Bassam Kurdali
848,Raj Amit Kumar
849,Ramón Salazar
850,Jesús Magaña Vázquez
851,Avi Federgreen
852,Ridley Scott
853,Charlie McDowell
854,Benjamin Ross
855,Gary Goldman
856,Matheus Souza
857,Michael Fimognari
858,Michael Paul Stephenson
859,Yılmaz Erdoğan
860,Lena Khan
861,Venugopan
862,Scott Walker
863,James Foley
864,Raj Kumar Gupta
865,Sylvain White
866,Mike Elliott
867,Kyle Patrick Alvarez
868,Shanker Raman
869,Antonio Campos
870,Mahesh Manjrekar
871,Ranjit Tiwari
872,Hiroshi Yamazaki
873,Shakti Samanta
874,Kevin Pollak
875,Pablo Lejarreta
876,Mark Ritchie
877,Feng Xiaogang
878,Barney Clay
879,Robert Pulcini
880,Ian Edelman
881,Chris Bouchard
882,Franck Ribière
883,Pandu Adjisurya
884,Pietro Scappini
885,Y. Joon Chung
886,Vanessa Roth
887,Jeon Go-woon
888,Emma Tammi
889,Kim Seong-hun
890,Nicanor Loreti
891,Richard Kelly
892,Ignacio Jaunsolo
893,Linda Otto
894,Derick Cabrido
895,So Yong Kim
896,Liam O'Donnell
897,Karan Lalit Butani
898,Kim Jong-kwan
899,Yoon Sung-hyun
900,Milton Horowitz
901,Eddie Martin
902,Brett Haley
903,Andrew Lau Wai-Keung
904,Mostofa Sarwar Farooki
905,Syed Atif Ali
906,Falz
907,Ayumu Watanabe
908,Adam Marino
909,Sharon Grimberg
910,Lee Jeong-beom
911,Srivinay Salian
912,Blair Simmons
913,Atul Sabharwal
914,Ryuichi Hiroki
915,David Moreton
916,Erik White
917,Marco Dutra
918,Adam Wood
919,Sabir Khan
920,Gary Andrews
921,Luis A. Scalella
922,Girish Joshi
923,Baljit Singh Deo
924,Raymond Wood
925,Brian Andrew Mendoza
926,Daan Jansen
927,Andrew Wessels
928,Musing Derrick
929,Steve Barron
930,Paul W.S. Anderson
931,Neil Armfield
932,Selçuk Aydemir
933,Helena Coan
934,Matei Dima
935,Latif Faiziyev
936,Jody Lambert
937,David Ayer
938,Joe Johnston
939,Francesco Amato
940,Rupert Jones
941,Onir
942,Everardo González
943,Simon Wincer
944,Roger Russell
945,Michael Arias
946,Mahmudul Islam
947,Ashish R. Mohan
948,Jared Moshé
949,Anthony Byrne
950,Christopher Louie
951,Christopher Nolan
952,Jim Stenstrum
953,Jakob Verbruggen
954,Jean-Pierre Devillers
955,Steve Paley
956,Manuel Alcalá
957,Eva Müller
958,Kevin MacDonald
959,Rakesh Mehta
960,John Murlowski
961,Khalid Mohamed
962,Milind Rau
963,Benjamin Dickinson
964,Asif Kapadia
965,Xiao Feng
966,Leung Lok Man
967,Curro Velázquez
968,Ester Gould
969,Jeremiah Zagar
970,Salvador Espinosa
971,Faraday Okoro
972,Arjun Gourisaria
973,Chris Nahon
974,Victor Cook
975,Moataz El Tony
976,Jennifer Peedom
977,Serge Ou
978,Michael Doneger
979,Charles A. Nichols
980,Vignesh Shivan
981,Jasbir Bijendra Bhati
982,Olav Njaastad
983,Shaul Schwarz
984,Mike Rohl
985,Brendan Byrne
986,Chinaza Onuzo
987,Jesse Johnson
988,Hayden Schlossberg
989,Choi Jin-seong
990,Maïmouna Doucouré
991,Jay Grace
992,Cassi Simonds
993,Shawn Levy
994,Guo Jingming
995,Charlie Siskel
996,Gilbert Chan
997,Pascal Atuma
998,Milton Kremer
999,Courtney Hunt
1000,Monière
1001,Christian Charles
1002,Oscar Micheaux
1003,Scott Zabielski
1004,Alejandro Lozano
1005,Rowan Athale
1006,Richard van't Riet
1007,Patrik Forsberg
1008,Joshua Zeman
1009,Peter Sattler
1010,Jetarin Ratanaserikiat
1011,Sam de Jong
1012,Tom Stubberfield
1013,Gervasio Iglesias
1014,Eduardo Roy Jr.
1015,Andrew Goth
1016,John Papola
1017,Roberto Girault Facha
1018,Milind Dhaimade
1019,David Zeiger
1020,Dan Kuenster
1021,Padraig Reynolds
1022,Kamal Sahani
1023,Einar Gabbassov
1024,Steve Boettcher
1025,Clarence Yiu-leung Fok
1026,Tomas Portella
1027,Frank Oz
1028,Nopparoj Chotmunkongsit
1029,Harvey Glazer
1030,Jeff Deverett
1031,Mariano Cohn
1032,Vijay Kumar
1033,Christophe Charrier
1034,Anthony Palmer
1035,Stevie Wermers
1036,Joyce Bernal
1037,Chris Appelhans
1038,Ben Stassen
1039,Fahad Mustafa
1040,Sheena M. Joyce
1041,Benjamin Cohen
1042,Joey Curtis
1043,Mahsun Kırmızıgül
1044,Huang Hsin-Yao
1045,Josef Fares
1046,Cecilia Peck
1047,Ravishankar Venkateswaran
1048,Michèle Ohayon
1049,MIKIKO
1050,Richard Weston
1051,Shrihari Sathe
1052,Jeff Nichols
1053,Robert Moresco
1054,Johnnie To
1055,Pablo Aulita
1056,Sunao Katabuchi
1057,Kazuya Murata
1058,Jayaprakash Radhakrishnan
1059,Agustí Villaronga
1060,Roman Atwood
1061,Kevin Johnson
1062,Jon M. Chu
1063,Chris Rock
1064,Grand Corps Malade
1065,Dhilip Kumar
1066,Shammi Kapoor
1067,David M. Rosenthal
1068,Michael Jones
1069,Christel Gibson
1070,Sujoy Ghosh
1071,Jaime Rayo
1072,Jay Karas
1073,Joe Piscatella
1074,Brian Volk-Weiss
1075,Jamie Babbit
1076,Seth Barrish
1077,Jon Lucas
1078,Gail Willumsen
1079,Kavi Raz
1080,Nicholas Stoller
1081,Matthew McManus
1082,Dallas Jackson
1083,George Miller
1084,Emilio Martínez Lázaro
1085,TJ Sullivan
1086,Ian Barber
1087,Hideaki Anno
1088,Sangeeth Sivan
1089,Rian Johnson
1090,Fuwad Khan
1091,Praveen Nischol
1092,Takashi Doscher
1093,Kirk DeMicco
1094,Richard Mears
1095,Tommy Avallone
1096,Nobuyuki Takeuchi
1097,Kevin Costner
1098,Alejandro Hartmann
1099,David Yarovesky
1100,Ian MacNaughton
1101,Eduardo Chauvet
1102,Johane Matte
1103,Hasan Aljaberi
1104,Nick Simon
1105,Masaru Matsumoto
1106,Marcus Clarke
1107,Felix Binder
1108,Ömer Faruk Sorak
1109,Ashley York
1110,Advait Chandan
1111,Kenny Young
1112,Jon Greenhalgh
1113,Vic Armstrong
1114,Kubilay Sarikaya
1115,Sudesh Manjrekar
1116,Richard Laxton
1117,Farah Khan
1118,Robert Osman
1119,Marc Forster
1120,Steven Bognar
1121,Halitha Shameem
1122,Bagus Bramanti
1123,Jennifer Lee
1124,Gaurav Bavdankar
1125,Alan Yang
1126,Lee Kae-byeok
1127,Alejandro Doria
1128,Sibusiso Khuzwayo
1129,James Sweeney
1130,Richard E. Norman
1131,Kiko Cruz Claverol
1132,Abhishek Saxena
1133,Cathy Garcia-Molina
1134,Seiji Mizushima
1135,John Stewart Muller
1136,Vijay Yelakanti
1137,Dibakar Banerjee
1138,Jon J. Whelan
1139,Owen Egerton
1140,Damien O’Connor
1141,Preston A. Whitmore II
1142,Amy Segal
1143,Basu Chatterjee
1144,Chandra Liow
1145,Devaki Singh
1146,Dennis Widmyer
1147,Ben Wheatley
1148,Lin Guan-fu
1149,Jake Szymanski
1150,Kyle Rankin
1151,James Ponsoldt
1152,Han Han
1153,M. Night Shyamalan
1154,Dave Patten
1155,Victoria Bromley
1156,Lonny Price
1157,James Brown
1158,Andreas Johnsen
1159,Gillian Robespierre
1160,Chris Sanders
1161,Andrés Beltrán
1162,Wim Bonte
1163,Alan Mak
1164,Shin-yeon Won
1165,Gregg Bishop
1166,Kris Pearn
1167,Guillermo Garcia
1168,Jesse Allain-Marcus
1169,Alice Rohrwacher
1170,George Nolfi
1171,Edward James Olmos
1172,Vicky Matthews
1173,Kranti Redkar
1174,Huang Lei
1175,Ben Pluimer
1176,Madeleine Sami
1177,Brett Whitcomb
1178,Deepika Narayan Bhardwaj
1179,Peter Berg
1180,Zhang Yimou
1181,Rajshree Ojha
1182,Ivona Juka
1183,Navaniat Singh
1184,Ray Jiang
1185,David Briggs
1186,Uriel Sinai
1187,Christian De Vita
1188,Jason Hehir
1189,Drea Cooper
1190,Khalid Rahman
1191,Joseduardo Giordano
1192,Nick Mead
1193,Daniel Effiong
1194,Colin Dench
1195,Adam MacDonald
1196,Martin Brest
1197,Andrea Molaioli
1198,Jeffrey Nachmanoff
1199,Asghar Farhadi
1200,John Barnard
1201,Shweta Basu Prasad
1202,Russell Crowe
1203,Elite Zexer
1204,Maïa Sandoz
1205,Perci Intalan
1206,Jacob Schwab
1207,Richard Michaels
1208,David Felix Sutcliffe
1209,Shawn Arranha
1210,Fabien Beziat
1211,Abdullah Al Noor
1212,Dennie Gordon
1213,Masaaki Yuasa
1214,Joe Alves
1215,Cal Brunker
1216,Kyohei Ishiguro
1217,Inma Torrente
1218,Julián Hernández
1219,Cal Seville
1220,Don Michael Paul
1221,Oluseyi Asurf
1222,Leo Riley
1223,Brett Ratner
1224,Frant Gwo
1225,Roger Graef
1226,Michael Steiner
1227,Akiva Schaffer
1228,Obi Emelonye
1229,Toshiyuki Kubooka
1230,Michael Polish
1231,Kunal Kohli
1232,Ayaan Mukherji
1233,Max Pugh
1234,Oliver Stone
1235,Luc Vinciguerra
1236,Marina Willer
1237,Vijay Jayapal
1238,Michael Apted
1239,Kevin Ford
1240,Selima Taibi
1241,Param Gill
1242,Max Lang
1243,Oliver Bokelberg
1244,Pankaj Batra
1245,Navinder Pal Singh
1246,Tharun Bhascker
1247,Dante Lam
1248,Adam Nimoy
1249,Rano Karno
1250,Daniele Thompson
1251,Marc Meyers
1252,Vijay Kumar Arora
1253,Sandeep Mohan
1254,Aaron Woolf
1255,Luis Javier M. Henaine
1256,Vinil Mathew
1257,Roman Coppola
1258,Michael Damian
1259,Ding-Lin Wang
1260,Andrew Jenks
1261,Lijo Jose Pellissery
1262,Geoff Anderson
1263,Fernando Colomo
1264,Jamal Hill
1265,Christina Clusiau
1266,Ti West
1267,Gabriele Muccino
1268,Marita Grabiak
1269,Indrajit Nattoji
1270,Jasmine D'Souza
1271,Julio Fernández Talamantes
1272,Josh Koury
1273,Pedro Waddington
1274,Keenen Ivory Wayans
1275,Rajiv Mehra
1276,Frank Capra
1277,Binu Ulahhannan
1278,Mat King
1279,Anthony Caronna
1280,Sara Dosa
1281,Liz Garbus
1282,Sherif Arafa
1283,Akiva Goldsman
1284,Debra Granik
1285,Michael Cumming
1286,Philip G. Atwell
1287,Eric Radomski
1288,Poj Arnon
1289,Mario Van Peebles
1290,K. Ramanlal
1291,Diego Luna
1292,James Wan
1293,Bronwen Hughes
1294,K.S. Ravikumar
1295,Yoo Byung-jae
1296,Claire Scanlon
1297,Morgan Spurlock
1298,Joseph Hsu
1299,Supavitra Babul
1300,Sean McNamara
1301,Anand Kamalakar
1302,Timothy Woodward Jr.
1303,V Vignarajan
1304,Tim Burton
1305,George Clooney
1306,Najwa Najjar
1307,Sachin
1308,Tade Ogidan
1309,Shamyl Othman
1310,Santiago Alvarado Ilarri
1311,Parveen Kumar
1312,Stephen Amezdroz
1313,Tenzing Sonam
1314,Danish Aslam
1315,Natasha Lyonne
1316,Aditya Vikram Sengupta
1317,Yacine Belhousse
1318,Paul Soriano
1319,Riccardo Milani
1320,Will Graham
1321,Mariah Moore
1322,Jan Komasa
1323,Andrew Renzi
1324,Yoav Paz
1325,Robert Kenner
1326,Ajay Bahl
1327,Quoc Bao Tran
1328,Tyler Greco
1329,Gurmmeet Singh
1330,Armando Iannucci
1331,Tarek Al Eryan
1332,Bob Nelson
1333,Reema Kagti
1334,Lorene Scafaria
1335,Raúl Campos
1336,Stephanie Turner
1337,Kathryn Fasegha
1338,Samu Fuentes
1339,Shyam Benegal
1340,Martin Desmond Roe
1341,Partha Chakraborty
1342,Arthur Penn
1343,Dan Harris
1344,Trey Haley
1345,Mansore
1346,Mohammed El-Tahawy
1347,Doug McHenry
1348,Karey Kirkpatrick
1349,Bob Rose
1350,Vineeth Anil
1351,Dean Wellins
1352,Mel Smith
1353,Michael Lennox
1354,Robert Aldrich
1355,Stephan Rick
1356,Steven C. Miller
1357,Óskar Thór Axelsson
1358,Park Joon-hwa
1359,Nuhash Humayun
1360,Kiko Mistrorigo
1361,Swapna Waghmare Joshi
1362,Chris Stokes
1363,Ryan Polito
1364,Fred Cavayé
1365,David Mirkin
1366,Sameh Abdulaziz
1367,John Crowley
1368,Bruce Beresford
1369,Soumendra Padhi
1370,Julius Avery
1371,Brendon Marotta
1372,Michael Pitiot
1373,Cheewatan Pusitsuksa
1374,Tom Whitter
1375,Trey Borzillieri
1376,Prawal Raman
1377,Anna Wieczur-Bluszcz
1378,Claire McCarthy
1379,Chris Weitz
1380,Yeo Siew Hua
1381,Annie Clark
1382,Abbas Alibhai Burmawalla
1383,Yanyong Kuruaungkoul
1384,Noam Murro
1385,Christopher Alender
1386,Tony Giglio
1387,David Marmor
1388,Damien Chazelle
1389,Paul Greengrass
1390,Buta Singh
1391,John Hoffman
1392,Christian Ditter
1393,Jay Roach
1394,Mahmood Ali-Balogun
1395,Leslie Small
1396,Karan Shivajirao Chavan
1397,Sung Do-jun
1398,Mandla Dube
1399,Duncan McMath
1400,K. Subhash
1401,Chandran Narikode
1402,Edward Cotterill
1403,Hideki Futamura
1404,Hugh Stewart
1405,Tim Story
1406,Blair Hayes
1407,Tom Barton-Humphreys
1408,Raj Mehta
1409,Majid Majidi
1410,Archie Borders
1411,Radha Blank
1412,Rahat Rahman
1413,Tolga Örnek
1414,Steve Ball
1415,Hayao Miyazaki
1416,Florian Schnell
1417,Jorge Blanco
1418,Kazuaki Kiriya
1419,Megha Ramaswamy
1420,Ivan Andrew Payawal
1421,Stephen Herek
1422,Robert Cannan
1423,Paritosh Painter
1424,Shreyas Talpade
1425,Pierre Morel
1426,Skye Borgman
1427,Omung Kumar
1428,Johnny Breedt
1429,Alan Poul
1430,Jitender Pawar
1431,Max Jabs
1432,Nick Moore
1433,Kristin Hanggi
1434,Greg Strause
1435,Josh Izenberg
1436,Daniel Yee Heng Chan
1437,Matt Palmer
1438,Bruce McCulloch
1439,Subhash Kapoor
1440,Nguyen Thanh Tung
1441,Viju Mane
1442,Hannah Fidell
1443,Jaivi Dhanda
1444,Izidore K. Musallam
1445,Sean Foley
1446,Will Canon
1447,M.S. Prem Nath
1448,Christopher S. Rech
1449,Tyler Perry
1450,Austin Kolodney
1451,Valli Bindana
1452,Sacha Wolff
1453,Glendyn Ivin
1454,Antoinette Jadaone
1455,Naseef Yusuf Izuddin
1456,Eric Bross
1457,Hiroyuki Seshita
1458,Mike Rossiter
1459,Bauddhayan Mukherji
1460,Jay Chandrasekhar
1461,Lucy van Beek
1462,Matías Gueilburt
1463,Álvaro Longoria
1464,Neeraj Vora
1465,Bo Burnham
1466,José Larraza
1467,Brandon Kimber
1468,Yance Ford
1469,Anthony Bell
1470,Patricia Rozema
1471,Susan Johnson
1472,Detlev Buck
1473,Ryan Crego
1474,Attila Till
1475,Clara Martínez-Lázaro
1476,Toby Trackman
1477,Oliver Frampton
1478,Nia Dinata
1479,Jason Stone
1480,Prem Soni
1481,Peter Yost
1482,Jean-Pierre Dardenne
1483,Filippo Gastaldi
1484,James Mather
1485,Leïla Sy
1486,Steve Rolston
1487,Amit Barot
1488,Suman Mukhopadhyay
1489,Oded Raz
1490,Chiaki Kon
1491,Musthafa
1492,David Oelhoffen
1493,Kader Aoun
1494,Adam Shankman
1495,Shanjey Kumar Perumal
1496,John Luessenhop
1497,Pedro Antonio
1498,Aatmaram Dharne
1499,Kenny Ortega
1500,Rob Silvestri
1501,Alessandra de Rossi
1502,Jason Lai
1503,Jerry Kolber
1504,Ramiro Martínez
1505,Lee Fulkerson
1506,William Wyler
1507,Camille Delamarre
1508,Sinan Akkuş
1509,Roy Boulting
1510,Krishna Vamshi
1511,Ibrahim Bin Mohamed
1512,Maris Curran
1513,Pratim D. Gupta
1514,Saandeep Patel
1515,Gary Wheeler
1516,Guillaume Renard
1517,Barry Jenkins
1518,Kundan Shah
1519,Yarrow Cheney
1520,Heidi Brandenburg
1521,Sandeep Reddy Vanga
1522,Pablo Larraín
1523,Henrik Martin Dahlsbakken
1524,Meng Hua Ho
1525,Sigrid Andrea Bernardo
1526,Laïla Marrakchi
1527,Prakash Mehra
1528,Nakul Singh Sawhney
1529,Michael Seater
1530,Dana Doron
1531,Park In-je
1532,André D'Elia
1533,Lea Glob
1534,Uzodinma Okpechi
1535,Nonzee Nimibutr
1536,Tanit Jitnukul
1537,Yeung Yat-Tak
1538,Akihiko Yamashita
1539,John A. Davis
1540,Andrew C. Erin
1541,David Batty
1542,Mitch Gould
1543,Rob Epstein
1544,Kim Sung-hoon
1545,Hugo Stuven
1546,Jordan Ross
1547,Peter Hewitt
1548,Krzysztof Zanussi
1549,Tristan Ferland Milewski
1550,Lee Chung-hyun
1551,Michael Winterbottom
1552,Christian Zübert
1553,Crystal Moselle
1554,Richard Arellano
1555,Bille August
1556,Ken Marino
1557,Cristina Costantini
1558,Drew Heriot
1559,Guillaume Pierret
1560,Stephen Cone
1561,Serdar Akar
1562,Christopher Murray
1563,Matt Kay
1564,Bent-Jorgen Perlmutt
1565,Eric Drath
1566,Carly Stone
1567,Bille Woodruff
1568,Nicholas McCarthy
1569,Sue Kim
1570,Fred Olen Ray
1571,Chakri Toleti
1572,Icíar Bollaín
1573,Elisabeth Vogler
1574,Ricky Gervais
1575,Michael Tolajian
1576,Sam Loh
1577,Nathaniel Warsh
1578,Francisco Macri
1579,Daniel Arasanz
1580,Gus Van Sant
1581,Bernardo Arellano
1582,Jennifer Kaytin Robinson
1583,Xiaoxing Yi
1584,John Herzfeld
1585,Ignacio López Escrivá
1586,Phyllida Lloyd
1587,Gafoor Y. Elliyaas
1588,Omoni Oboli
1589,Dan Forgione
1590,Deep Joshi
1591,Joe Miale
1592,Leli Maki
1593,Makoto Shinkai
1594,Måns Herngren
1595,Sean Menard
1596,Joel Coen
1597,Anders Sømme Hammer
1598,Franziska Meyer Price
1599,Richard Rich
1600,Elaine Bogan
1601,Morgan Matthews
1602,Raoul Peck
1603,Andrzej Bartkowiak
1604,Susannah Heath-Eves
1605,Lorena Munoz
1606,Phil Sgriccia
1607,Sundar C.
1608,Takuya Inaba
1609,Francesco Imperato
1610,Aijaz Khan
1611,Hsu Fu-chun
1612,Sydney Pollack
1613,Ramsey Nouah
1614,Kornél Mundruczó
1615,John H. Lee
1616,Alejandro Ruax
1617,Liu Yi
1618,Graham Phillips
1619,Lucas Santa Ana
1620,Brent Bonacorso
1621,Harrison Smith
1622,Karim Amer
1623,Shen Leping
1624,Chi Fat Chan
1625,Alexandre Heboyan
1626,Daniel Camenisch
1627,Stephanie Soechtig
1628,Waymon Boone
1629,Mateo Gil
1630,Aco Tenriyagelli
1631,V. K. Prakash
1632,Magdy Al-Hawwary
1633,Marina Zenovich
1634,Jericca Cleland
1635,Julian Schnabel
1636,John Mikulak
1637,Alex Timbers
1638,Barry Sonnenfeld
1639,Eva Vives
1640,Bruce Sinofsky
1641,Rami Hachache
1642,Peter Jackson
1643,Bonni Cohen
1644,Peter Fison
1645,Julien Leclercq
1646,Stanley Tong
1647,Jeethu Joseph
1648,David Alvarado
1649,Chad Archibald
1650,Gerry Blaksley
1651,Jonathan Hensleigh
1652,Jane Campion
1653,Yuki Yamato
1654,Tianyu Zhao
1655,V. Scott Balcerek
1656,Arthur Muhammad
1657,Vince Marcello
1658,James Ivory
1659,Mercedes Cordova
1660,Ildiko Enyedi
1661,Remi Weekes
1662,Mark Radice
1663,Ben Ryder
1664,Jerry G. Angelo
1665,Mike Gunther
1666,Richard Bates Jr.
1667,Lee Toland Krieger
1668,Nicholas Winter
1669,L. Frazier
1670,Faraz Haider
1671,Santwana Bardoloi
1672,Massimiliano Camaiti
1673,Espen Sandberg
1674,Nick Castle
1675,Samir Al Asfory
1676,Sopon Sukdapisit
1677,Robyn Butler
1678,Ellena Wood
1679,Robbie Countryman
1680,Sung-soo Kim
1681,Keiko Yagi
1682,Alex Law
1683,Francisco D'Eufemia
1684,Frank E. Abney III
1685,Bunmi Ajakaiye
1686,John Haptas
1687,Harpeet Singh
1688,Brett Weiner
1689,Tony Abulu
1690,Nick Rowland
1691,Paul Raschid
1692,Harjit Singh
1693,Claude Lelouch
1694,Lars Büchel
1695,Rikhil Bahadur
1696,Eric Aghimien
1697,Billy Lyons
1698,R.J. Daniel Hanna
1699,Amit Rai
1700,Michael Ritchie
1701,Edward Drake
1702,Anthony Scott Burns
1703,Ken Barbet
1704,Alexandre Espigares
1705,Cosima Spender
1706,Navjot Gulati
1707,Stan Lathan
1708,Lin Oeding
1709,Hani Hamdi
1710,Tony Collingwood
1711,Kevin McManus
1712,Gonzalo López-Gallego
1713,Mikhail Red
1714,Cassia Dian
1715,Greg Berlanti
1716,Erik Kling
1717,Fernando González Molina
1718,Zak Hilditch
1719,Patrik Syversen
1720,Le Van Kiet
1721,Jeff Newitt
1722,Hepi Mita
1723,Nagesh Kukunoor
1724,Nicky Slimting Walker
1725,Yoshiyuki Tomino
1726,Grant Korgan
1727,Kabir Sadanand
1728,David Wnendt
1729,Tom Gianas
1730,Harmony Korine
1731,Mohd Khairul Azri Bin Md Noor
1732,Scott Spiegel
1733,Dani Levy
1734,Ira Sachs
1735,Murat Kepez
1736,Eric Laneuville
1737,Jesse Handsher
1738,Cavi Borges
1739,Ferzan Özpetek
1740,To-hoi Kong
1741,Sriram Raghavan
1742,Stanley Moore
1743,Miguel Cohan
1744,Fred Durst
1745,Vinay Bharadwaj
1746,Alexx Media
1747,Renny Harlin
1748,Storm Saulter
1749,Lucky Kuswandi
1750,Sachin Yardi
1751,Curtis Graham
1752,Damien Leone
1753,Gerardo Gatica
1754,Simon Baker
1755,Ange Basterga
1756,Nikhil Advani
1757,Brittany Andrews
1758,Amal Neerad
1759,Wojciech Marczewski
1760,Elías León
1761,Randal Kleiser
1762,Cyrus Saidi
1763,Peter Pardini
1764,Henry Joost
1765,Taika Waititi
1766,Akram Farouk
1767,Jeff Chan
1768,Rebecca Chaiklin
1769,Jayaraj Rajasekharan Nair
1770,Noah Baumbach
1771,Aniruddha Roy Chowdhury
1772,Dito Montiel
1773,T.J. Martin
1774,Lori Kaye
1775,Bruce W. Smith
1776,Chairun Nissa
1777,Brian Skiba
1778,Philipp Eichholtz
1779,Mathieu Auvray
1780,Antonio Chavarrías
1781,Tim Rouhana
1782,Saurabh Kabra
1783,Akashdeep
1784,Pablo Parés
1785,Jon Garaño
1786,Ann Deborah Fishman
1787,Ana Lily Amirpour
1788,Jagdeep Sidhu
1789,David Fairhead
1790,David Fincher
1791,Rebecca Johnson
1792,Laura Mañá
1793,Gilles Paquet-Brenner
1794,Charlie Lightening
1795,Anand Tucker
1796,Kim Jee-woon
1797,Pierfrancesco Diliberto
1798,David Lean
1799,Michael Wech
1800,Kaila York
1801,Alex Gibney
1802,Julien Christian Lutz
1803,Pidi Baiq
1804,Picky Talarico
1805,Tarun Mansukhani
1806,Florian Henckel von Donnersmarck
1807,Tanuj Chopra
1808,Gordon Parks
1809,Paula Apsell
1810,Lucien Jean-Baptiste
1811,Harold Cronk
1812,Susannah Ward
1813,Tobe Hooper
1814,Joe Mantello
1815,Jackie van Beek
1816,Leif Tilden
1817,Daniel Stamm
1818,Everardo Gout
1819,Matt Askem
1820,Thomas Meadmore
1821,Dennis Iliadis
1822,Hanno Olderdissen
1823,Helena Bergström
1824,Nora Ephron
1825,David Dhawan
1826,Nicole Holofcener
1827,Aaron Sorkin
1828,Piti Jaturaphat
1829,Phil Joanou
1830,Rako Prijanto
1831,Mehdi Idir
1832,Kyran Kelly
1833,David Lam
1834,John Lee
1835,Joanna Lombardi
1836,Tommy Wirkola
1837,Ousmane Ly
1838,Alessandro Angulo
1839,Kushal Srivastava
1840,Gurvinder Singh
1841,Antonio Piazza
1842,Kagiso Lediga
1843,Mark Helfrich
1844,Isao Yukisada
1845,Nadine Ibrahim
1846,Anthony Russo
1847,Matthew Heineman
1848,D.B. Weiss
1849,Otoja Abit
1850,Oz Rodriguez
1851,Ben Young
1852,Armando Croda
1853,Jason Reitman
1854,J. Davis
1855,Tunde Apalowo
1856,Quinn Lasher
1857,Sarah Gavron
1858,Richard da Costa
1859,Jacqueline Monetta
1860,Daniela Goggi
1861,Kumaran
1862,Brian A. Miller
1863,Ross Venokur
1864,Carlos Therón
1865,Coerte Voorhees
1866,QLF
1867,Saheed Arafath
1868,Midhun Manuel Thomas
1869,Cris D'Amato
1870,Laura Terruso
1871,Sarah Holt
1872,Mike Flanagan
1873,David Sington
1874,Thierry Donard
1875,Cai Cong
1876,Maryo J. De los Reyes
1877,Ellen Page
1878,Kiki Goshay
1879,Igor Kovalyov
1880,Faris Godus
1881,Gideon Raff
1882,Yasir Al Yasiri
1883,Greg Coolidge
1884,Antoine Bardou-Jacquet
1885,Arun Chidambaram
1886,Jo Sung-hee
1887,Diego Cohen
1888,Steve McLean
1889,Eondeok Han
1890,Seren Yüce
1891,Guy Vasilovich
1892,Anthony Lucero
1893,Olly Reid
1894,Eric Darnell
1895,Hua Shan
1896,Lee Yoon-jung
1897,David Mrnka
1898,Baran bo Odar
1899,Mohamed Hamdy
1900,Mahmoud Sabbagh
1901,Maroun Baghdadi
1902,Kasra Farahani
1903,Kirsten Johnson
1904,Limbert Fabian
1905,Chun Wong
1906,Lindsey Cordero
1907,Marco Deufemia
1908,Andrew J. Smith
1909,Lorene Machado
1910,Ananda Krishnan
1911,Jeremiah Jones
1912,Umut Kirca
1913,Sharan Sharma
1914,Leslie Knott
1915,Elizabeth Wood
1916,David Soren
1917,Kim Joo-hyung
1918,Bao Nhan
1919,Jon Avnet
1920,Mickey Fonseca
1921,Francesco Carnesecchi
1922,Vicente Villanueva
1923,Colin Teague
1924,Ahmed El Gendy
1925,Mary Mazzio
1926,André Øvredal
1927,George Gallo
1928,Robert Eagar
1929,TT The Artist
1930,Rusty Cundieff
1931,Nizar Shafi
1932,Jacques Cluzaud
1933,Denis Do
1934,Tim Johnson
1935,Mamoru Oshii
1936,John Suits
1937,Allen Coulter
1938,Deepti Kakkar
1939,Joe Wright
1940,RZA
1941,Neeraj Ghaywan
1942,Ravi Jadhav
1943,Vanita Shastry
1944,Vincenzo Natali
1945,Rajveer Singh Maan
1946,Ajithkumar
1947,Tom Ford
1948,Suman Ghosh
1949,Na Hyeon
1950,Tensai Okamura
1951,Paul Thomas Anderson
1952,Natalia Valdebenito
1953,Keiichi Hara
1954,Owen Trevor
1955,Karthik Subbaraj
1956,Kevin Donovan
1957,Pippa Ehrlich
1958,Dave Needham
1959,Liv Ullmann
1960,Enah Johnscott
1961,Steven Spielberg
1962,Niall Johnson
1963,Nikhil Nagesh Bhat
1964,Sukhbir Singh
1965,Alana Waksman
1966,Mark Risley
1967,Shaz Bennett
1968,Craig Goodwill
1969,Hadrah Daeng Ratu
1970,Patrick Tatopoulos
1971,Christopher Miller
1972,Luis Alberto Restrepo
1973,Sittisiri Mongkolsiri
1974,Garth Davis
1975,Julia Knowles
1976,Yemi Amodu
1977,Asri Bendacha
1978,Trevor Nunn
1979,Volker Weicker
1980,Naman Nitin Mukesh
1981,Fred Ouro Preto
1982,Harald Zwart
1983,Howard Zieff
1984,David Benullo
1985,Vijay
1986,Jonathan Teplitzky
1987,David Koepp
1988,Sofie Šustková
1989,Jeannot Szwarc
1990,Barak Goodman
1991,Ginny Mohler
1992,Luke Kenny
1993,Shigeaki Kubo
1994,Akhil Paul
1995,Nisheeta Keni
1996,Daisuke Nishio
1997,Emmanuel Mouret
1998,Liao Shih-han
1999,Víctor García
2000,Sankalp Reddy
2001,Benoît Philippon
2002,Vibeke Idsøe
2003,Gabe Turner
2004,Chris Bell
2005,Josh Webber
2006,Kyle Newacheck
2007,Jeremy Coon
2008,Bobcat Goldthwait
2009,Nekfeu
2010,Padmakumar Narasimhamurthy
2011,Destin Daniel Cretton
2012,Francisco Schultz
2013,Brie Larson
2014,Sebastian Gutierrez
2015,William H. Macy
2016,Shunsuke Kariyama
2017,Chris Roland
2018,Adam Larson Broder
2019,Steve Sacks
2020,Sam Patton
2021,Gayane Petrosyan
2022,Amitava Bhattacharya
2023,Prabhu Deva
2024,Gavin Fitzgerald
2025,Kanika Batra
2026,Owll Mina
2027,Irek Dobrowolski
2028,David Lowery
2029,Chris Baugh
2030,Dhruv Dhawan
2031,Joann Sfar
2032,Isaac Rentz
2033,Wi Ding Ho
2034,K.C. Bokadia
2035,Seth Rogen
2036,Ivan Sen
2037,Jonathan Lynn
2038,Taki Oldham
2039,Steve Antin
2040,Honey Trehan
2041,Robi Michael
2042,James Haslam
2043,Peter Thorwarth
2044,Shanawaz Nellikunnil
2045,Stuart Heisler
2046,Olivier Abbou
2047,Taron Lexton
2048,Weica Wang
2049,Anjum Shahzad
2050,Zach Clark
2051,Dylan Howitt
2052,Cooper Karl
2053,Doug Hamilton
2054,Dado C. Lumibao
2055,Vadim Jean
2056,Rob Smat
2057,Ibai Abad
2058,Adrián García Bogliano
2059,Frank Coraci
2060,George Ratliff
2061,Kyle Newman
2062,Alê Abreu
2063,Pavel Kostomarov
2064,Guillermo de Oliveira
2065,Dennis Bartok
2066,David Mackenzie
2067,Mohamed Mostafa
2068,Mark Lewis
2069,Quentin Tarantino
2070,Jon Alpert
2071,Nick Davis
2072,Junichi Sato
2073,Ham Tran
2074,Agasyah Karim
2075,Michel Hazanavicius
2076,Dharmendra Suresh Desai
2077,Kelly Reichardt
2078,Hernán Zin
2079,Reem Kherici
2080,Augusto Matte
2081,Byun Hyuk
2082,Sze Yu Lau
2083,Mitch Dickman
2084,Jason Sussberg
2085,Maïwenn
2086,Patrick Leung
2087,Anurag Basu
2088,Bill Condon
2089,Ahn Byoung-wook
2090,Feroz
2091,Éric Warin
2092,Adirek Wattaleela
2093,Amy Rice
2094,Farhan Alam
2095,John Kahrs
2096,Jennifer Lynch
2097,Peter Lepeniotis
2098,Mark Helenowski
2099,Jason Iskandar
2100,Sudhir Mishra
2101,Vondie Curtis-Hall
2102,Alex Ranarivelo
2103,Duncan Skiles
2104,Madhur Bhandarkar
2105,Jenna Laurenzo
2106,P.T. Kunju Muhammad
2107,Saeed Hamed
2108,Syed Saleh Ahmed Sobhan
2109,Peter Spierig
2110,Xavier Gens
2111,Sergei Bodrov
2112,Florent Bodin
2113,Àlex Pastor
2114,Nicolas Pesce
2115,Naoko Yamada
2116,Aanand Rai
2117,Gerard Barrett
2118,Dianne Dreyer
2119,Robert Schwentke
2120,David Gelb
2121,Kranti Kanade
2122,Fernando Sariñana
2123,Uttung Shelar
2124,Sacha Gervasi
2125,Doug Lefler
2126,Otilia Portillo Padua
2127,Matt Wechsler
2128,Robbie Grewal
2129,Andrea Arnold
2130,Todd Standing
2131,Jordana Spiro
2132,Amman Abbasi
2133,Miriam Chandy Menacherry
2134,Ziggy Hofmeyr
2135,Sagar Sarhadi
2136,Chike
2137,Paul Dugdale
2138,Raja Menon
2139,Nimród Antal
2140,Mikhil Musale
2141,Alfonso Rodríguez
2142,Jonás Trueba
2143,Sarah Smith
2144,Haile Gerima
2145,Tanuja Chandra
2146,Jota Linares
2147,Vibhu Virender Puri
2148,Jonathan Ignatius Green
2149,Martin Hodara
2150,Nancy Florence Savard
2151,David A. Vargas
2152,Diego Pignataro
2153,Richard Brooks
2154,Amir Mohiuddin
2155,Shirley Frimpong-Manso
2156,Salim Akil
2157,María Jose Cuevas
2158,Munish Bhardwaj
2159,Jon Izen
2160,Samir Soni
2161,Joachim Rønning
2162,Peter Farrelly
2163,Sohail Tatari
2164,Gabriel Sabloff
2165,Faozan Rizal
2166,Ben Younger
2167,Lennart Ruff
2168,Peter Orton
2169,Anthony Mandler
2170,Brian Webber
2171,Philip Einstein Lipski
2172,Cal Saville
2173,Tom Shadyac
2174,Pedro Flores Maldonado
2175,Hallvard Bræin
2176,Suresh Pillai
2177,Eli Craig
2178,Emmett Malloy
2179,Lionel C. Martin
2180,Donald Petrie
2181,Davis Guggenheim
2182,David France
2183,Nandita Das
2184,Brandon Somerhalder
2185,Yuen Wo-Ping
2186,Clark Johnson
2187,Luis Javier Henaine
2188,Steve Saint Leger
2189,Christophe Honoré
2190,Richard Attenborough
2191,Farhad Safinia
2192,Jayan Vannery
2193,Hugues Nancy
2194,Javier Colinas
2195,Kevin Smith
2196,Mario Miscione
2197,Christian Herrendoerfer
2198,Greg Tiernan
2199,Visute Poolvoralaks
2200,Jim Field Smith
2201,Matthew McNeil
2202,Kevin Hooks
2203,Callie Khouri
2204,Sudipto Roy
2205,Kanwal Sethi
2206,John Patrick Shanley
2207,Jay Lyons
2208,Neslihan Yesilyurt
2209,Stephen Kijak
2210,Geun-hyun Cho
2211,Vijay Lalwani
2212,Sydney Freeland
2213,Kyung Ho Lee
2214,Ifeanyi Ikpoenyi
2215,Byron Howard
2216,Andrew Mogel
2217,Dharmesh Darshan
2218,Jitendra Tiwari
2219,Amir Galvan Cervera
2220,Hadi El Bagoury
2221,Jason Spingarn-Koff
2222,Roy Allen Smith
2223,Stephen Donnelly
2224,Jason Priestley
2225,Hemant Gaba
2226,Alexander Smith
2227,Roman White
2228,Sooni Taraporevala
2229,Robert McCullough Jr.
2230,Bilal Lashari
2231,Amber Tamblyn
2232,Robert Cullen
2233,Gajendra Ahire
2234,Andrucha Waddington
2235,Maz Jobrani
2236,Isaki Lacuesta
2237,Kyle Rideout
2238,Ralph Macchio
2239,Amanda Micheli
2240,Gustavo Ron
2241,Nidhi Sharma
2242,Theo Davies
2243,Burr Steers
2244,Aubrey Powell
2245,Jeff Rowe
2246,Shantrelle P. Lewis
2247,Onur Tukel
2248,Manav Shah
2249,Dan Gilroy
2250,Nicole Conn
2251,Mangesh Kanthale
2252,Raúl Arévalo
2253,Anirban Majumder
2254,Christian Tureaud
2255,Subhash Ghai
2256,Lucy Cohen
2257,Amaan Khan
2258,Eduardo Mendoza de Echave
2259,Siu-hung Chung
2260,Brian Levant
2261,Avadhoot Gupte
2262,Paul Dano
2263,Roberto Santucci
2264,Gene Quintano
2265,Marius Arnesen
2266,Ruchi Narain
2267,Debaloy Dey
2268,Mikael Håfström
2269,Yudai Yamaguchi
2270,Stephen Chbosky
2271,S.A. Zaidi
2272,Lawrence Kasdan
2273,Andrew Niccol
2274,Paco Plaza
2275,Michael Lockshin
2276,Pablo Stoll
2277,Chang Chin-jung
2278,Ian Samuels
2279,Mike Birbiglia
2280,Mario Rouleau
2281,Scott Hicks
2282,Paul Reubens
2283,Alex Infascelli
2284,James Moll
2285,Laura Brownson
2286,Jeffrey Schwarz
2287,Marc-Antoine Hélard
2288,Matt D'Avella
2289,Audu Paden
2290,Fred M. Wilcox
2291,Ahmet Katıksız
2292,Johnny Castuciano
2293,Hayden Guppy
2294,Wolfgang Petersen
2295,Greg Rankin
2296,Robert Tate
2297,Takeshi Nozue
2298,Sam Wrench
2299,Chen Kuan-chung
2300,Scott Mosier
2301,Gary Mak
2302,Paul Verhoeven
2303,Robert Eggers
2304,Keerthi
2305,Richard Linklater
2306,Andrew Bergman
2307,Fredric Lean
2308,Travis Stevens
2309,Chris Gorak
2310,Keith L. Smith
2311,Frank Marshall
2312,M.J. Bassett
2313,Laurent Bouzereau
2314,James Woodroffe
2315,Carlo Padial
2316,Devashish Makhija
2317,Renata Terra
2318,Dino Risi
2319,Pantham Thongsang
2320,Scott Moore
2321,Charlie Vaughn
2322,Dylan Southern
2323,Olivia Newman
2324,Thomas Stuber
2325,Shashank Khaitan
2326,Mohamed Diab
2327,Mark Sloper
2328,Chris Sparling
2329,Amy Schumer
2330,Pang Ho-cheung
2331,Matias Mariani
2332,Mark McQueen
2333,Demetri Martin
2334,Charles Uwagbai
2335,Adam Davis
2336,John Hillcoat
2337,Tamer Bassiouni
2338,Stijn Verlinde
2339,Michael Bay
2340,Matthew O'Callaghan
2341,Elizabeth Banks
2342,Justin Chadwick
2343,Jenner Furst
2344,Clay Porter
2345,Eliane Brum
2346,Luis Mandoki
2347,Chris Renaud
2348,Ding Sheng
2349,Lee Seung-won
2350,Sorin Dan Mihalcescu
2351,Benoît Jacquot
2352,Harold Becker
2353,Manolo Caro
2354,Alik Sakharov
2355,Joris Ivens
2356,Jeannie Gaffigan
2357,Neville Shah
2358,Jennifer M. Kroot
2359,Sameer Vidwans
2360,Sunil Sukthankar
2361,Bharat Jain
2362,Giulio Base
2363,Ross Adam
2364,Liu Bang-yao
2365,Roxanne Benjamin
2366,Mar Targarona
2367,Robert Markowitz
2368,Julien Seri
2369,Ishaan Trivedi
2370,Paul G. Volk
2371,Jocelyn Moorhouse
2372,Fab Five Freddie
2373,Michael Cristofer
2374,Takeshi Fukunaga
2375,Michael Jai White
2376,Tatiana Villela
2377,David Tryhorn
2378,Muhammad Ali
2379,Reiner Holzemer
2380,Jose Mari Goenaga
2381,Malik Bendjelloul
2382,Brian Knappenberger
2383,Kongkiat Khomsiri
2384,Pepe Bojórquez
2385,Jason Kwan
2386,Paolo Strippoli
2387,Laura Alvea
2388,Rachel Grady
2389,Fazila Allana
2390,A.R. Murugadoss
2391,Kıvanç Baruönü
2392,Spike Lee
2393,Patricia Tourancheau
2394,Andreas Pichler
2395,Rajan Madhav
2396,Nikkhil Advani
2397,Mads Matthiesen
2398,Michael Steed
2399,Pedro Kos
2400,Michael James Regan
2401,Fernando Frías De La Parra
2402,Puneet Khanna
2403,Javier Calvo
2404,Daniel J. Clark
2405,Michael Kampa
2406,Tony Zierra
2407,Michael G. Kehoe
2408,Les Mayfield
2409,Lewis Milestone
2410,Camille Shooshani
2411,Zune Kwok
2412,Vishal Bhardwaj
2413,Christian Alvart
2414,Gareth Sacala
2415,Giulia Clark
2416,Müfit Can Saçıntı
2417,Hirotsugu Kawasaki
2418,George Cukor
2419,Fouad Al Shatti
2420,Richard Bailey
2421,Floria Sigismondi
2422,Jessie Nelson
2423,Christopher Guest
2424,Brian Niles
2425,Girish Mohite
2426,Younuts!
2427,Sean Olson
2428,Louis C.K.
2429,Julia Willoughby Nason
2430,Ross R. Shuman
2431,Joe Ksander
2432,Adriano Rudiman
2433,Numa Perrier
2434,Thurop Van Orman
2435,Aaron Nee
2436,Sergio Goyri Jr.
2437,Roger Kumble
2438,JJC Skillz
2439,Dustin McKenzie
2440,Glenn Miller
2441,Arjun Jandyala
2442,Robert O. Peters
2443,Lars von Trier
2444,Daniel Růžička
2445,Charlotte Zwerin
2446,Pablo Faro
2447,Lina Al Abed
2448,Matthew Salleh
2449,Corey Grant
2450,Greg Barker
2451,Felix van Groeningen
2452,Lluís Quílez
2453,Andrew Sandler
2454,Will Eisenberg
2455,Clovis Cornillac
2456,Doron Paz
2457,Sudip Bandyopadhyay
2458,Kaashvie Nair
2459,Mae Czarina Cruz
2460,Ric Roman Waugh
2461,Brian Henson
2462,Raman Kumar
2463,Felix Van Groeningen
2464,Akira Saitoh
2465,Andrés Feddersen
2466,Daniel Mann
2467,Damon Davis
2468,Gillian Armstrong
2469,Chris Buck
2470,Debamitra Biswal
2471,Kasper Barfoed
2472,Jean-François Blais
2473,Michael John Warren
2474,Paul Katis
2475,Luis Estrada
2476,Jérémy Clapin
2477,Oriol Paulo
2478,Bryan Buckley
2479,Sabaah Folayan
2480,Nicolas Lopez
2481,Odunlade Adekola
2482,Paul Schrader
2483,Juan Manuel Cotelo
2484,Ali Ragab
2485,Kristine Samuelson
2486,Scott Martin
2487,Scott Speer
2488,Arthur Allan Seidelman
2489,Gregory Hoblit
2490,Paul Weitz
2491,Louise Wardle
2492,Jennifer Westcott
2493,Tom O'Dell
2494,Troy Nixey
2495,Damián Romay
2496,Gore Verbinski
2497,Note Chern-Yim
2498,Matt Aselton
2499,Can Ulkay
2500,Emily Hagins
2501,Shojiro Nishimi
2502,Jon Freeman
2503,Johan Brisinger
2504,Jan Holoubek
2505,Bedran Güzel
2506,Vikas Bahl
2507,Michael Samuels
2508,Wong Kar Wai
2509,Elliot Hegarty
2510,Nadia Hallgren
2511,Tom Forrest
2512,Tomer Eshed
2513,Hiroshi Aoyama
2514,Martin Campbell
2515,Alex Woo
2516,Eli Roth
2517,Steve Bencich
2518,Chineze Anyaene
2519,Abhay Chopra
2520,Jathin Sanker Raj
2521,Rod Blackhurst
2522,Tània Balló
2523,Mahmood Farooqui
2524,Brent Maddock
2525,Abel Ferrara
2526,Sanjay Dayma
2527,Partho Sen-Gupta
2528,Koji Sawai
2529,Andy Caballero
2530,Dash Shaw
2531,Laura Mulleavy
2532,Renuka Shahane
2533,Keoni Waxman
2534,Bradley Walsh
2535,Daniel McCabe
2536,James Mangold
2537,Cecilia Verheyden
2538,Ashwin Saravanan
2539,Bette Gordon
2540,Martín Sastre
2541,Dee Rees
2542,James Gunn
2543,Tommy O'Haver
2544,Tharun Bhascker Dhaassyam
2545,Manop Janjarasskul
2546,Robert Adetuyi
2547,Craig Brewer
2548,Paul Taublieb
2549,Jeff Wadlow
2550,Amit Saxena
2551,Paco Cabezas
2552,Leanne Gater
2553,Don Omope
2554,Yasmin Ahmad
2555,Tate Taylor
2556,Syed Ahmed Shawki
2557,Just Philippot
2558,Ifa Isfansyah
2559,Vishal Mishra
2560,Gary Howsam
2561,Jude Weng
2562,Gabe Ibáñez
2563,Grant Singer
2564,Trey Nelson
2565,Mark Raso
2566,Matthew Michael Carnahan
2567,Yesim Ustaoglu
2568,Joel Crawford
2569,Roger Young
2570,Kurt Voelker
2571,Michael Goguen
2572,Ron Underwood
2573,Leandro Mark
2574,Luis Lopez
2575,Ayush Raina
2576,Michael Margolis
2577,Rush Sturges
2578,Sanjay Soorkar
2579,Alain Desrochers
2580,Samir Karnik
2581,Avinash Das
2582,Cem Yılmaz
2583,Alex Burunova
2584,Ryuichi Yagi
2585,Beyoncé Knowles-Carter
2586,Haifaa Al-Mansour
2587,Ross Boyask
2588,Mir-Jean Bou Chaaya
2589,Bhushan Patel
2590,Kim Dong-kyu
2591,Juan Antonio de la Riva
2592,Hong Khaou
2593,Liu Kuang-hui
2594,Debbie Allen
2595,Gulzar
2596,Nils Tavernier
2597,Briar Grace-Smith
2598,Kayode Kasum
2599,Jennifer Yuh Nelson
2600,Santiago Diaz
2601,Grant Sputore
2602,James Redford
2603,Peter Facinelli
2604,Fernando Coimbra
2605,Griffin Dunne
2606,John Schultz
2607,Craig Elrod
2608,Fabio Grassadonia
2609,Jesse Moss
2610,Jon Turteltaub
2611,Jazz Boon
2612,Hallie Meyers-Shyer
2613,Dawn Porter
2614,Sandra Restrepo
2615,JP Habac
2616,Marco Schnabel
2617,Pass Patthanakumjon
2618,Kirk Wise
2619,Jacob Joice
2620,Arvind Swamy
2621,Sam Upton
2622,Ahmed Siddiqui
2623,Rohit Jugraj
2624,Trish Sie
2625,Jeo Baby
2626,Anas Khan
2627,Matthias Hoene
2628,Ísold Uggadóttir
2629,Sergio Leone
2630,Devin Chanda
2631,Simon J. Smith
2632,Appie Boudellah
2633,David Chuang
2634,Hanung Bramantyo
2635,Christopher Loren Ewers
2636,Umesh Ghadge
2637,Manjari Makijany
2638,Joan C. Gratz
2639,Ahmed Saleh
2640,Han Qing
2641,Radhu Karmakar
2642,Hassan Hegazy
2643,July Hygreck
2644,Tamta Gabrichidze
2645,Vishnu Govindhan
2646,Henry Thurlow
2647,Johnson Esthappan
2648,Laurent Cantet
2649,Theodore Boborol
2650,John Milius
2651,Daryl Hannah
2652,Noël Wells
2653,Lisa Arnold
2654,Caryn Waechter
2655,Marcelo Galvão
2656,Ryan Fleck
2657,Prakash Balwant Saini
2658,Jorge Hernandez Aldana
2659,Daniel Kontur
2660,Vitor Brandt
2661,Cary Murnion
2662,Leslye Headland
2663,Alejandro De Grazia
2664,Eric Abrams
2665,Craig Gillespie
2666,Osgood Perkins
2667,Aadish Keluskar
2668,Dean Wright
2669,Jennifer Brea
2670,Gaby Dellal
2671,Tom Fassaert
2672,Hrishikesh Mukherjee
2673,Trey Parker
2674,Sakon Tiacharoen
2675,David Chirchirillo
2676,Gregory Caruso
2677,Li Weiran
2678,Patrick Durham
2679,Chuang Shiang-an
2680,Jonathan Levine
2681,Rich Ragsdale
2682,Eddie Rosas
2683,Richard Maurice
2684,Drake Doremus
2685,David Frankel
2686,Raaghav Dar
2687,Jim Hosking
2688,Olivier Assayas
2689,Kasper Collin
2690,Adele K. Thomas
2691,Louis Pepe
2692,Justin P. Lange
2693,Joshua Rofé
2694,Oliver Schmitz
2695,Taranveer Singh
2696,Lara Saba
2697,Arthell Isom
2698,Prasanth Varma
2699,Randa Chahal Sabbag
2700,Munjal Shroff
2701,Alejandro Martinez-Beltran
2702,Kiran Rao
2703,Richard Sears
2704,Christine Luby
2705,Katleho Ramaphakela
2706,Yang Woo-seok
2707,Vishwesh Krishnamoorthy
2708,Paul Krüger
2709,Pascale Lamche
2710,M.J. Isakson
2711,Sebastian Jones
2712,Michael A. Nickles
2713,Toshiyuki Tsuru
2714,Brian McGinn
2715,Raj Babu
2716,Yoshiyuki Okada
2717,Alex Lehmann
2718,Karl Mueller
2719,Peter Galison
2720,Aditya Kripalani
2721,Bo Welch
2722,Mukul Anand
2723,José Ortuño
2724,Mark Lo
2725,Florian Schott
2726,Tinge Krishnan
2727,Arun Vaidyanathan
2728,Stefano Mordini
2729,David Dobkin
2730,Robert C. Ramirez
2731,Brian M. Conley
2732,Trudie Styler
2733,Ron Krauss
2734,Sébastien Betbeder
2735,Ivan Ayr
2736,Miguel Ángel Lamata
2737,Niyi Akinmolayan
2738,Atsajun Sattakovit
2739,David Lynch
2740,Chad Van De Keere
2741,Andibachtiar Yusuf
2742,YC Tom Lee
2743,Adam Smith
2744,Paul Berczeller
2745,Kelly Duane de la Vega
2746,Raúl Campos Delgado
2747,Ken Cunningham
2748,Måns Mårlind
2749,Ben Patterson
2750,Matt Toronto
2751,Troy Byer
2752,Angshuman Ghosh
2753,Geoffrey Orthwein
2754,Kevin Bray
2755,Bruce Leddy
2756,Corbin Bernsen
2757,Kimo Stamboel
2758,Tanvir Ahsan
2759,Ossama Abu El Atta
2760,Aram van de Rest
2761,Aleksey German
2762,Mike Disa
2763,Sam Cullman
2764,Abhishek Kapoor
2765,Gangadhar Salimath
2766,Andrew Douglas
2767,Gary Cohen
2768,Chandrakant Kulkarni
2769,Bolanle Austen-Peters
2770,Puneet Sira
2771,Asit Mohapatra
2772,Ahmad Samir Farag
2773,Mandie Fletcher
2774,Jill Culton
2775,Morgan Neville
2776,Sara Colangelo
2777,Alex Brewer
2778,John Sturges
2779,Brad Rothschild
2780,Kevin Munroe
2781,Rahul Rawail
2782,Rocco Ricciardulli
2783,David 'Tosh' Gitonga
2784,Zeke Norton
2785,Madeleine Gavin
2786,Rakshith Thirthahalli
2787,Andrew Slater
2788,Marcelo Altmark
2789,Rethabile Ramaphakela
2790,David Oyelowo
2791,Susan Walter
2792,Billy Corben
2793,Isaac Florentine
2794,Wes Craven
2795,Matt Reeves
2796,Joe Nussbaum
2797,Raj Kanwar
2798,Néstor Sánchez Sotelo
2799,Gagan Puri
2800,Indrasis Acharya
2801,Lotje Sodderland
2802,Erik Matti
2803,Claude Barras
2804,Brendan Toller
2805,Charles Walters
2806,Prabhuraj
2807,Ui-seok Jo
2808,Andrew Fleming
2809,Joe Russo
2810,Handan İpekçi
2811,Harry Elfont
2812,Ben Palmer
2813,Kevin Derek
2814,Agnidev Chatterjee
2815,Mana Yasuda
2816,Andreas Prochaska
2817,Uraaz Bahl
2818,Katarina Launing
2819,Scott Christian Sava
2820,Rick Benattar
2821,Rayka Zehtabchi
2822,Abdul Aziz Hashad
2823,Paco Arango
2824,Todd Wilderman
2825,Adriana Trigiani
2826,David Grossman
2827,Dileep Narayanan
2828,Vivek Wagh
2829,Benjamin Arfmann
2830,Georges Hachem
2831,Michael Tiddes
2832,Garin Nugroho
2833,Daniel Schechter
2834,Sachin Kundalkar
2835,Gordon Chan
2836,Chester Tam
2837,Stephen Gyllenhaal
2838,Alicky Sussman
2839,William Brent Bell
2840,Eric Khoo
2841,Rolfe Kanefsky
2842,Prateek Vats
2843,Álvaro Brechner
2844,Veronica Velasco
2845,Eric Schlosser
2846,Brant Sersen
2847,Pooja Bhatt
2848,Pablo Azorín Williams
2849,Hernán Guerschuny
2850,Sedat Kirtan
2851,Johanna Demetrakas
2852,Mark Harris
2853,Jeremy Seifert
2854,Anil V. Kumar
2855,Janet Tobias
2856,Sam Mendes
2857,Deane Taylor
2858,Adam Egypt Mortimer
2859,Jeff Orlowski
2860,Atul Malhotra
2861,A. L. Vijay
2862,Michael Showalter
2863,Akshay Sanjeev Chavan
2864,Sebastián Schindel
2865,Nicholas Ray
2866,Craig Johnson
2867,Brian O'Malley
2868,Delhiprasad Deenadayalan
2869,Juliana Vicente
2870,Sandeep Chatterjee
2871,Bahij Hojeij
2872,Farjad Nabi
2873,Barry Gonzalez
2874,Daniel Markowicz
2875,Alan Rickman
2876,Jason Bourque
2877,Robert Luketic
2878,Jun-seong Kim
2879,Matt Shakman
2880,Jonathan Helpert
2881,Michael Epstein
2882,Chapman Way
2883,Kenzo Maihara
2884,Atom Egoyan
2885,Gary Stretch
2886,Rosa Márquez
2887,Justin Baldoni
2888,Mohamed Khan
2889,Vinay Sapru
2890,Milan Luthria
2891,Isa Campo
2892,John Whitesell
2893,Eva Trobisch
2894,Oren Uziel
2895,Ole Bornedal
2896,Andrew Lau Wai-keung
2897,Greg MacGillivray
2898,Sartaj Singh Pannu
2899,Ian Daniel
2900,Richard Phelan
2901,Joel Oliansky
2902,Mangesh Hadawale
2903,John Bridcut
2904,Francisco Ruiz Velasco
2905,Asim Raza
2906,Andrew Bujalski
2907,Mark Waters
2908,Elle Callahan
2909,Marie Madinier
2910,Lenny Abrahamson
2911,Chris Nelson
2912,Tony Bancroft
2913,Cristi Puiu
2914,Bryan Fogel
2915,Peter Chelsom
2916,Brent Dawes
2917,Elisa Fuksas
2918,Mohamed al Salman
2919,Bassam Tariq
2920,Lydia Dean Pilcher
2921,Jason Cohen
2922,Vikram Tanajirao Patil
2923,Danishka Esterhazy
2924,David Serrano
2925,Mijke de Jong
2926,Tarek Abdel Moaty
2927,David R. Ellis
2928,Kenneth Gyang
2929,Caradog W. James
2930,Takeru Nakajima
2931,Cole D. Pruitt
2932,Norihisa Hiranuma
2933,Wade Allain-Marcus
2934,Peter Ho
2935,John Stevenson
2936,Vikram Pradhan
2937,Amr Salama
2938,Chi Keung Fung
2939,Asim Abbasi
2940,John Lee Hancock
2941,Navot Papushado
2942,Burhan Qurbani
2943,Akay Mason
2944,Kevin Reynolds
2945,Axelle Laffont
2946,Brandon Jeffords
2947,Ben A. Williams
2948,Andy Serkis
2949,Iwao Takamoto
2950,Rahat Kazmi
2951,José Luis Ucha
2952,Josh Wakely
2953,Walter C. Miller
2954,Sanjay Jadhav
2955,Ron Oliver
2956,Mickey Liddell
2957,Sunil Soraya
2958,Marc Pons
2959,Kranthi Madhav
2960,Darin Scott
2961,Florian Gallenberger
2962,Patricia Font
2963,Hayato Date
2964,Huw Cordey
2965,David Paul Meyer
2966,Alain Brunard
2967,Femi D. Ogunsanwo
2968,Brian Oakes
2969,Johnny Martin
2970,Michael Buster
2971,Jesse Vile
2972,Vijay Roche
2973,Bernie Denk
2974,Vinod Kapri
2975,Scott Hussion
2976,Michael Simon
2977,Ola Flyum
2978,David E. Talbert
2979,James Duffy
2980,Pierre Coré
2981,Barbara Schroeder
2982,Michael Kennedy
2983,Parker Phillips
2984,Joshua Caldwell
2985,Gary Michael Schultz
2986,Neil Jordan
2987,Nathan Landeg
2988,Raymond McGrath
2989,Hiromasa Yonebayashi
2990,He Xiaofeng
2991,Robert Peters
2992,Zeek Earl
2993,Aniedi Anwah
2994,Shannon Hartman
2995,Jamie M. Dagg
2996,Rémy Four
2997,Anita Barbosa
2998,Matt Tyrnauer
2999,Chan-sang Lim
3000,Michael J. Bassett
3001,Daniel Alfredson
3002,Philippe Aractingi
3003,Ritesh Batra
3004,J.D. Dillard
3005,Darragh O'Connell
3006,Adam Wingard
3007,Tomotaka Shibayama
3008,Fluvio Iannuci
3009,Nicol Paone
3010,Yasushi Muraki
3011,Antonin Baudry
3012,Hajime Sasaki
3013,Desingh Periyasamy
3014,Bill D'Elia
3015,Pete Travis
3016,Paween Purikitpanya
3017,Dejan Zečević
3018,Ahmed Al-Badry
3019,Kathryn Bigelow
3020,Denis Villeneuve
3021,Ekene Som Mekwunye
3022,Ana Quiroga
3023,Rima Das
3024,Kyoko Miyake
3025,Louis Leterrier
3026,Sherif Ismail
3027,R. Balki
3028,Manussa Vorasingha
3029,Sonia Dauger
3030,Lynn Novick
3031,Alma Har'el
3032,Ben Simms
3033,Alejandro Fernández Almendras
3034,Mozez Singh
3035,Christian Desmares
3036,Joshua Marston
3037,Kirk De Micco
3038,Neal Brennan
3039,Richard LaGravenese
3040,Hao Wu
3041,Rodrigo Toro
3042,Sameer Sharma
3043,Anurin Nwunembom
3044,Brett Harvey
3045,Seth Henrikson
3046,Kate Horne
3047,John Upchurch
3048,Jovanka Vuckovic
3049,Jung-woo Park
3050,Jonathan Liebesman
3051,Phil Roman
3052,Marcos Bucay
3053,Wash Westmoreland
3054,Sivaroj Kongsakul
3055,Ben Bowie
3056,Tom O'Brien
3057,Richard Gabai
3058,Azfar Jafri
3059,Joey So
3060,Motonori Sakakibara
3061,Seung-uk Jo
3062,Ron Clements
3063,Tathagata Banerjee
3064,Raj Nidimoru
3065,Alex Stapleton
3066,Irwin Winkler
3067,Kaspar Astrup Schröder
3068,Ofir Raul Graizer
3069,Jean-Simon Chartier
3070,Damon Cardasis
3071,Lauren MacMullan
3072,Tekin Girgin
3073,Manjeet Maan
3074,Naoto Amazutsumi
3075,Unjoo Moon
3076,Jaki Bradley
3077,Juliet May
3078,Moto Sakakibara
3079,Mahmoud al Massad
3080,Sekhar Kammula
3081,Syamsul Yusof
3082,Bert Marcus
3083,Kasia Uscinska
3084,Maradona Dias Dos Santos
3085,Laura Fairrie
3086,Ketan Mehta
3087,Joe DeMaio
3088,Jeff Tomsic
3089,John Stephenson
3090,Paresh Mokashi
3091,Abhishek Varman
3092,Franck Nataf
3093,Anthony Chan
3094,Andrew Davis
3095,Vetrimaaran
3096,Aamir Khan
3097,Husam El-Gohari
3098,Karan Bali
3099,Nishanth Ravindaran
3100,Alban Teurlai
3101,Steven Brill
3102,Kelly Noonan
3103,Roman Polański
3104,Hitoshi Namba
3105,Kevin Booth
3106,Alistair Legrand
3107,Guy Ritchie
3108,Laura VanZee Taylor
3109,Tom Holland
3110,Brian Smith
3111,Steve Gukas
3112,Edoardo Ponti
3113,Alina Teodorescu
3114,Ng Ka-Leung
3115,Simon Rumley
3116,Stefano Sollima
3117,Floyd Russ
3118,Roy Campanella II
3119,Gerry Hoban
3120,Fisher Stevens
3121,Malcolm D. Lee
3122,Alberto Rodríguez
3123,Uwe Boll
3124,J.J. Abrams
3125,John G. Avildsen
3126,Allan Ungar
3127,Storm Theunissen
3128,Peter Mimi
3129,Michael Curtiz
3130,Jeffrey Walker
3131,Stanley Kubrick
3132,Lee Daniels
3133,Brody Chu
3134,J.M. Berrios
3135,Jeremy Kenyon Lockyer Corbell
3136,Michihito Fujii
3137,Estela Renner
3138,Sidharta Tata
3139,Frank W Chen
3140,Maribel Sánchez-Maroto
3141,Pranav Singh
3142,David O. Russell
3143,Jack Zagha Kababie
3144,Page Hurwitz
3145,Kabir Khan
3146,Jarand Herdal
3147,Toshiya Shinohara
3148,Daniel Burman
3149,Rudge Campos
3150,Amara Cash
3151,Carla Barros
3152,Ziad Doueiri
3153,Evan Spiridellis
3154,Thomas Vinterberg
3155,Gurudev Bhalla
3156,Michael Petroni
3157,Luciano Vidigal
3158,Darren Lynn Bousman
3159,Albert Hughes
3160,Ángel Gómez Hernández
3161,Michael Cuesta
3162,Philippa Lowthorpe
3163,Vincent Ward
3164,Udai Singh Pawar
3165,Kwabena Gyansah
3166,Pawan Kripalani
3167,Adisorn Tresirikasem
3168,Daniel Lindsay
3169,Alessio Cremonini
3170,Matthew Shoychet
3171,Tom Elkins
3172,Marty Callner
3173,Aleksey Tsitsilin
3174,Miguel Alexandre
3175,Mike Fetterly
3176,Saw Teong Hin
3177,Tomer Heymann
3178,Israel Adrián Caetano
3179,Jon Rosenbaum
3180,Phil Morrison
3181,Chia-Liang Liu
3182,Jean-Claude La Marre
3183,Alexandra Dean
3184,Malik Nejer
3185,Alex Proyas
3186,Salima Koroma
3187,Clay Tweel
3188,Vrinda Samartha
3189,Elle-Máijá Tailfeathers
3190,Angga Dwimas Sasongko
3191,Go Koga
3192,Éric Judor
3193,Jim Monaco
3194,Paul Urkijo Alijo
3195,Eric Bress
3196,Marina Seresesky
3197,Haissam Hussain
3198,Jarrad Paul
3199,Aziz Ansari
3200,Marek Piwowski
3201,Marcus Raboy
3202,Peter Lord
3203,Tom McGrath
3204,Thomas Toby Parkinson
3205,Stephen Frears
3206,Will Lovelace
3207,Tinu Pappachan
3208,Jennifer Beamish
3209,Imtiaz Ali
3210,Ben Kasulke
3211,Karan Johar
3212,Stu Livingston
3213,Huang Jianming
3214,Surya S.J.
3215,Amy Poehler
3216,Haruka Fujita
3217,Rob W. King
3218,Lilly Wachowski
3219,Mariano Baez
3220,Vivieno Caldinelli
3221,Tolu Awobiyi
3222,Ciarán Foy
3223,Cüneyt Kaya
3224,Emanuel Hoss-Desmarais
3225,Sammaria Sari Simanjuntak
3226,Tiller Russell
3227,Lone Scherfig
3228,Pascal Amanfo
3229,Noushad
3230,Joshua Oppenheimer
3231,Robin Aubert
3232,Pailin Wedel
3233,Raz Degan
3234,Jon Watts
3235,Mark Landre Gould
3236,Zsolt Pálfi
3237,Kelly Fremon Craig
3238,Anna Elizabeth James
3239,Tim Hill
3240,Mitzi Vanessa Arreola
3241,Regina Welker
3242,Kim Tae-hyung
3243,Johnny To
3244,Mohsin Ali
3245,White Trash Tyler
3246,Eric D. Cabello Díaz
3247,Justin G. Dyck
3248,Felix Chong
3249,Edward Ellis
3250,Glen Goei
3251,Mir Mukarram Hossain
3252,André Odendaal
3253,Samar Khan
3254,Mike Doyle
3255,Lilibet Foster
3256,Deniz Gamze Ergüven
3257,Kireet Khurana
3258,John Banas
3259,Ken Loach
3260,Ariel Vromen
3261,Clint Butler
3262,Manish Tiwary
3263,Marc Vigil
3264,David Pablos
3265,Dennis Rovira van Boekholt
3266,Maxwell McGuire
3267,Luke Snellin
3268,Dave Higby
3269,Mathieu Kassovitz
3270,Young Jun Lee
3271,Cory Edwards
3272,Isaac Ezban
3273,Carlos Sorín
3274,Martin Wood
3275,Chris Moukarbel
3276,Julia von Heinz
3277,Yann Arthus-Bertrand
3278,B. Unnikrishnan
3279,Wael Ehsan
3280,Nibal Arakji
3281,Cate Shortland
3282,Mike Binder
3283,Mark Thornton
3284,Leslie Iwerks
3285,Josh Vietze
3286,Jang Jae-hyun
3287,Salvador Calvo
3288,Toshiyuki Kanno
3289,Brian De Palma
3290,Lawrence Cheng
3291,John Lyde
3292,Timothy Reckart
3293,Suzanne Coote
3294,Hidetaka Inazuka
3295,Tim Skousen
3296,Alice Filippi
3297,Toby Haynes
3298,Hussein El Ansary
3299,Nuel Naval
3300,Darren Grant
3301,Chris Williams
3302,Colin Trevorrow
3303,Phanindra Narsetti
3304,John Musker
3305,Alex Garland
3306,Rohena Gera
3307,Ferdinando Cito Filomarino
3308,Gary Wang
3309,Sonia Lowman
3310,Jon Reiner
3311,Juan Antin
3312,Biodun Stephen
3313,Alex Parkinson
3314,Olivier Afonso
3315,Johnny Kevorkian
3316,Mehmet Ada Öztekin
3317,Jonathan Glazer
3318,Steve Race
3319,Samit Basu
3320,Heather Walsh
3321,Mike Ezuruonye
3322,Jacek Koprowicz
3323,Kristian Mercado
3324,B.N. Shajeer Sha
3325,Roger Spottiswoode
3326,Alison E. Rose
3327,Mandeep Kumar
3328,Nathan Wiley
3329,Naresh Saigal
3330,Remy Kohli
3331,Iñaki Dorronsoro
3332,Jim Strouse
3333,Sam Taplin
3334,Anatole Litvak
3335,Emil Ben-Shimon
3336,Umut Aral
3337,Gaspar Antillo
3338,Shikha Makan
3339,Joe Penna
3340,Bruno Garotti
3341,Iain Softley
3342,Cheta Chukwu
3343,Harry Chaskin
3344,Grant S. Johnson
3345,Yandy Laurens
3346,J.A. Bayona
3347,Kevin R. Adams
3348,David Charhon
3349,Maclain Way
3350,Mike Myhre
3351,Selçuk Metin
3352,Jaume Collet-Serra
3353,Kim A. Snyder
3354,Tetsuo Yajima
3355,Lukas Dhont
3356,José Eduardo Belmonte
3357,Stanley Nelson
3358,William Monahan
3359,Manmohan Desai
3360,Bigflo & Oli
3361,Liz Plonka
3362,Steve Hickner
3363,Adrian Teh
3364,BB Sasore
3365,Abhijit Kokate
3366,Hannes Stöhr
3367,Douglas McGrath
3368,Vetri Maaran
3369,S.S. Rajamouli
3370,Kristina Goolsby
3371,Ali F. Mostafa
3372,Hari Nath
3373,Kazuchika Kise
3374,Brandon Camp
3375,Mark Tonderai
3376,Charlie Kaufman
3377,Ludovic Bernard
3378,James Tovell
3379,Venky Kudumula
3380,Erol Özlevi
3381,Jose Manuel Colón
3382,Yayo Herrero
3383,Onur Ünlü
3384,Rushmore DeNooyer
3385,Ken Hughes
3386,Federico Lemos
3387,Gerhard Mostert
3388,Mariano Barroso
3389,Jon Carey
3390,Kimmy Gatewood
3391,Philip Marlatt
3392,Benny Fine
3393,Amarjit Virdi
3394,Shinji Aramaki
3395,Richard Loncraine
3396,Donick Cary
3397,Roger Allers
3398,Marc Fouchard
3399,Onur Bilgetay
3400,Gordon Anderson
3401,Frank O'Connor
3402,Simon Napier-Bell
3403,Anant Balani
3404,Daniel Monzón
3405,Leena Yadav
3406,Noriyuki Abe
3407,Ramesh Sippy
3408,Rocky Soraya
3409,Lukasz Kosmicki
3410,Harvey Lowry
3411,Greg Whiteley
3412,Gareth Evans
3413,Shinji Takagi
3414,Alice Mathias
3415,Umesh Bist
3416,Ali Yorgancıoğlu
3417,Pulkit
3418,Simon Gross
3419,Royale Watkins
3420,Jameel Buari
3421,Damien Piscarel
3422,Chris Blake
3423,Daniel DiMauro
3424,Sandy Chronopoulos
3425,Lee Eung-bok
3426,Will Eubank
3427,Joe Murray
3428,Christian Gudegast
3429,Rizki Balki
3430,James Watkins
3431,James Marsh
3432,Nathanael Wiseman
3433,Gary Fleder
3434,Theo Love
3435,Keith Scholey
3436,Yasuhiro Irie
3437,Seyi Babatope
3438,Eduardo Pinto
3439,Peter Tsi
3440,Yibrán Asuad
3441,Arnab Chaudhuri
3442,Yuki Tanada
3443,Jennifer Siebel Newsom
3444,Babak Anvari
3445,Sameer Patil
3446,William Lau
3447,Francis Ford Coppola
3448,Rudradeep Bhattacharjee
3449,Naya Anindita
3450,Alexandre Avancini
3451,Saravana Rajendran
3452,John Rice
3453,Matt Piedmont
3454,Shakun Batra
3455,Sudabeh Mortezai
3456,Bruce McDonald
3457,Soukarya Ghosal
3458,Tolulope Itegboje
3459,Fernando Meirelles
3460,Hans Petter Moland
3461,Raj N. Sippy
3462,Sudhanshu Saria
3463,Josh Greenbaum
3464,Pierre Greco
3465,Rene Bueno
3466,Nacho G. Velilla
3467,Nick Cassavetes
3468,Anu Menon
3469,Lee Hirsch
3470,Nicholaus Goossen
3471,Tom Edmunds
3472,Nicholas Hytner
3473,Jenée LaMarque
3474,Steve Greenwood
3475,Houda Benyamina
3476,Sooraj R. Barjatya
3477,Jay Russell
3478,Kathleen Hepburn
3479,Shirish Kunder
3480,Satyajit Bhatkal
3481,Partho Mitra
3482,Robert Smigel
3483,Amanda Raymond
3484,Clive Tonge
3485,Neil Rawles
3486,Marti Noxon
3487,Keith Fulton
3488,Susan Lambert
3489,Ahmed Zain
3490,Tanveer Khan
3491,Elsa Nakamichi
3492,Rachit Kusonkoonsiri
3493,Pali Yahya
3494,Augustine Frizzell
3495,Michael Radford
3496,Cheng Wei-hao
3497,Manu Ashokan
3498,Eddie Mensore
3499,Julie Dash
3500,Travon Free
3501,Sylvester Stallone
3502,David Allensworth
3503,Jeff Stilson
3504,Julius R. Nasso
3505,Alex Smith
3506,Jordan Brady
3507,Eshom Nelms
3508,Mastan Alibhai Burmawalla
3509,Dan Lucchesi
3510,Gavin O'Connor
3511,Vijay S. Bhanushali
3512,Ben Foster
3513,Kristine Stolakis
3514,Paul Feig
3515,Ally Pankiw
3516,Katy Chevigny
3517,Merawi Gerima
3518,Ishi Rudell
3519,Bhagyaraj
3520,Jayme Monjardim
3521,David Silberg
3522,Joseph Cross
3523,Mike Clattenburg
3524,Coodie
3525,Zack Snyder
3526,Rod Daniel
3527,Kyle Balda
3528,Jesse Warn
3529,Morgan Pehme
3530,Mostafa Abu Seif
3531,John Scheinfeld
3532,Will Lowell
3533,Rajkumar Santoshi
3534,Julia Reichert
3535,Joe Menendez
3536,Simon Savelyev
3537,Jatla Siddartha
3538,Adam Schlesinger
3539,Mark Franchetti
3540,Khaled Marei
3541,Ahmed Nader Galal
3542,Taylor Sheridan
3543,Sumitra Bhave
3544,Barbara Białowąs
3545,Francesco Lettieri
3546,Glen Winter
3547,Robert Krantz
3548,Rodrigo Reyes
3549,Victor Levin
3550,Gerard McMurray
3551,Glenn Weiss
3552,Jani Lachauer
3553,Rod Lurie
3554,Walter Taylaur
3555,Koji Morimoto
3556,Anjali Nayar
3557,Tomas Brickhill
3558,Yann Gozlan
3559,Joe Camp
3560,Jay Chou
3561,Michael Gallagher
3562,Patrick Graham
3563,Wong Fei-Pang
3564,Michał Tylka
3565,Kate Mulleavy
3566,Meghan O'Hara
3567,Sharmeen Obaid-Chinoy
3568,Timo Tjahjanto
3569,Lisa Cortés
3570,Gavin Yap
3571,Sofia Coppola
3572,Alfons Adetuyi
3573,Hamisha Daryani Ahuja
3574,N. Chandra
3575,Miguel Ángel Vivas
3576,Chayanop Boonprakob
3577,Çagan Irmak
3578,Atsuko Ishizuka
3579,Jennifer Phang
3580,Lesli Linka Glatter
3581,Cary Joji Fukunaga
3582,Emir Kusturica
3583,Roger Christian
3584,Ravikanth Perepu
3585,Aurora Guerrero
3586,Luk Kim-ching
3587,Wyatt Cenac
3588,Graham Townsley
3589,Todd Haynes
3590,Chad L. Scheifele
3591,Angel Kristi Williams
3592,Anusha Rizvi
3593,Jorge Michel Grau
3594,Ribhu Dasgupta
3595,Nana Ekvtimishvili
3596,Scot McFadyen
3597,J.C. Chandor
3598,Brad Bird
3599,Madhumita
3600,Jedd Wider
3601,Richard Shepard
3602,Donovan Marsh
3603,Marcos Carnevale
3604,Anurag Singh
3605,Yusuf Pirhasan
3606,Ali Samadi Ahadi
3607,Edgar Wright
3608,Mohit Suri
3609,Umer Adil
3610,Bruce Gowers
3611,Norton Virgien
3612,Ted Geoghegan
3613,Abby Epstein
3614,Jacob LaMendola
3615,Rebecca Zlotowski
3616,Chandra Prakash Dwivedi
3617,Sanjeev Gupta
3618,Eduardo Casanova
3619,Marco Bonfanti
3620,K. Rajagopal
3621,Chung Mong-hong
3622,Lynn Shelton
3623,Mike Diva
3624,Benny Safdie
3625,Fernando Lebrija
3626,Nalan Kumarasamy
3627,Buchi Babu Sana
3628,Akshay Shankar
3629,Martin Rosete
3630,Castille Landon
3631,Barbara Kopple
3632,Bill Oliver
3633,Ezekiel Norton
3634,Stig Bergqvist
3635,Byeon Hee-sun
3636,Okey Oku
3637,Benson Lee
3638,Neeraj Udhwani
3639,Carlos Marques-Marcet
3640,Prashant Nair
3641,Adam McKay
3642,Steven Fine
3643,Bashir El Deek
3644,David McCracken
3645,Tosin Coker
3646,Ravi Udyawar
3647,Cheh Chang
3648,Andrew Loo
3649,Bruno Stagnaro
3650,Hèctor Hernández Vicens
3651,Khalid Kashogi
3652,Joseph Chou
3653,Rhiannon Bannenberg
3654,Vidhu Vinod Chopra
3655,Tope Oshin
3656,Josiah Ng
3657,Abhijit Panse
3658,Michelle Johnston
3659,Jun Falkenstein
3660,Tom Hooper
3661,Zach Lipovsky
3662,Biswajeet Bora
3663,Sylvie Verheyde
3664,Lance Daly
3665,Michael Anderson
3666,Borja Cobeaga
3667,Noviandra Santosa
3668,Jorge M. Fontana
3669,Bumpy
3670,Joe Berlinger
3671,Jean-Claude Flamand-Barny
3672,Gautham Vasudev Menon
3673,Ben Falcone
3674,Stephen Chiodo
3675,Michael Bonfiglio
3676,Mathias Malzieu
3677,Santram Varma
3678,B. T Thomas
3679,Yorgos Lanthimos
3680,Alan Parker
3681,Farishad I. Latjuba
3682,Roy Burdine
3683,Michael Winnick
3684,Makarand Mane
3685,Chanda Bell
3686,John Edginton
3687,Ritu Sarin
3688,Chris Howe
3689,Raj Khosla
3690,Ricardo Maldonado
3691,Sudha Kongara
3692,Rudy Soedjarwo
3693,Nina Wels
3694,Greg Young
3695,Parthiban
3696,Chris Robinson
3697,Punit Malhotra
3698,Chris Smith
3699,Shalini Kantayya
3700,J. Michael Long
3701,Micah Bickham
3702,Carol Reed
3703,Dolapo Adeleke
3704,Mike Newell
3705,Karan Anshuman
3706,Karyn Kusama
3707,Meltem Bozoflu
3708,Akin Omotoso
3709,Héctor Gálvez
3710,Rizal Mantovani
3711,Pedro de Echave García
3712,Peter Svatek
3713,Michael Larnell
3714,Artemis Joukowsky
3715,Mrighdeep Singh Lamba
3716,Sean Anders
3717,Srijit Mukherji
3718,Dan Krauss
3719,Harshavardhan Kulkarni
3720,Pradip Kurbah
3721,Matt Whitlock
3722,Heidi Ewing
3723,Arati Kadav
3724,Anoop Sathyan
3725,Pascal Blanchard
3726,Sajid Khan
3727,Shivendra Singh Dungarpur
3728,Don Mancini
3729,Rob Minkoff
3730,Yasir Nawaz
3731,Sylvain Blais
3732,Haoling Li
3733,Mathew Orzel
3734,Namcito
3735,Tatsushi Omori
3736,Sarawut Wichiensarn
3737,Sudhish Kamath
3738,Mario Briongos
3739,Ali Kalthami
3740,Nottapon Boonprakob
3741,Raj Kapoor
3742,Jami
3743,Bernard Rose
3744,Steven Yamamoto
3745,Justin Pemberton
3746,You-Jeong Chang
3747,R. Ellis Frazier
3748,Luca Vullo
3749,Halder Gomes
3750,Mike Rianda
3751,Kabir Bhatia
3752,Chris Bolan
3753,Nora Twomey
3754,Vincente Minnelli
3755,Robert Nixon
3756,Zoe Lister-Jones
3757,Julio Quintana
3758,Thierry Demaizière
3759,Harry Baweja
3760,Tony Scott
3761,Lucas Figueroa
3762,Marc Francis
3763,Jeffrey C. Bell
3764,Ramesh Talwar
3765,Shin Won-ho
3766,Conor Allyn
3767,Mark Dennis
3768,David Morris
3769,Jung Ji-woo
3770,Miguel Arteta
3771,Jen McGowan
3772,John Erick Dowdle
3773,Linda Mendoza
3774,Saket Chaudhary
3775,Chris Kelly
3776,Daniel Joseph
3777,Catrin Einhorn
3778,Craig Anderson
3779,Quek Shio-chuan
3780,Corey Yuen
3781,R. Kannan
3782,Christian E. Christiansen
3783,Suparn Verma
3784,Lee Kirk
3785,Conrad Helten
3786,Carles Torras
3787,Norm Hiscock
3788,Sean Baker
3789,Daniel Ablin
3790,Michelle MacLaren
3791,Sam Fell
3792,Josh Alexander
3793,Xavier Durringer
3794,David Hebditch
3795,Jonnie Hughes
3796,Michael D. Black
3797,Robert Kouba
3798,Caio Cobra
3799,Rhys Thomas
3800,Adam B. Stein
3801,Marianna Palka
3802,Trey Edward Shults
3803,Matt Eskandari
3804,Martin Prakkat
3805,Charles Stone III
3806,Nathan Greno
3807,Frank Rajah Arase
3808,Rarecho
3809,Esteban Sapir
3810,Pablo D'Alo Abba
3811,Vir Das
3812,Ajay Phansekar
3813,Ian Cheney
3814,Michael Drumm
3815,Koichi Sakamoto
3816,Mark Craig
3817,P.K. Baaburaaj
3818,Phuwanit Pholdee
3819,Khaled El Halafawy
3820,Saurav Palodhi
3821,James McTeigue
3822,Nancy Schwartzman
3823,Luis Prieto
3824,Gerardo Olivares
3825,Jan Suter
3826,Patryk Vega
3827,John Sanford
3828,Cristina Jacob
3829,Noah Moskin
3830,Suseenthiran
3831,Devika Bhagat
3832,Anna Boden
3833,Rob Zombie
3834,Patrick Osborne
3835,Baz Luhrmann
3836,Oliver Daly
3837,Aaron Hann
3838,George C. Wolfe
3839,Charles Gozali
3840,Amol Palekar
3841,Nattawut Poonpiriya
3842,Stacia Crawford
3843,Jonathan A. Rosenbaum
3844,Prabhakaran
3845,Andy Devonshire
3846,Anuranjan Premji
3847,Christopher Caldwell
3848,Tirumala Kishore
3849,Drue Metz
3850,Jeremy Rush
3851,Josh Z. Weinstein
3852,Tomasz Mandes
3853,Ulises Valencia
3854,Louie Psihoyos
3855,Joram Lürsen
3856,Jill Bauer
3857,Björn Stein
3858,Jonathon Link
3859,Levan Gabriadze
3860,Patrick Brice
3861,Tom Tykwer
3862,Abdellatif Kechiche
3863,Pieter Kuijpers
3864,Kevin Wotton
3865,Shubham Singh
3866,Damani Baker
3867,Zatella Beatty
3868,Maya Forbes
3869,Justin McConnell
3870,Tony Kaye
3871,Freddie Waters
3872,David Dietz
3873,David Benioff
3874,Stefano Lodovichi
3875,Miranda de Pencier
3876,Sidheswar Shukla
3877,Marcus Nispel
3878,DJ Chen
3879,Alexis Morante
3880,Su I-Hsuan
3881,Joe Dante
3882,Gupse Özay
3883,Henri Wong
3884,Marlene Melchior
3885,Cosmo Feilding-Mellen
3886,Abosi Ogba
3887,Ram
3888,Todd Kauffman
3889,Scott Stewart
3890,Partho Ghosh
3891,Brit McAdams
3892,Muh Chen
3893,Mary Lambert
3894,Azazel Jacobs
3895,Shagufta Rafique
3896,Éric Toledano
3897,Inas El-Degheidy
3898,Teng Huatao
3899,Brian Klein
3900,Rahul Ravindran
3901,Diego Lerman
3902,Gil Baroni
3903,Rene Liu
3904,Dallas Jenkins
3905,William Bindley
3906,Mic Rodgers
3907,Anthony Giordano
3908,Matt D'Elia
3909,Ivan Reitman
3910,Josh Mendoza
3911,Julián Gaviria
3912,Clay Kaytis
3913,Dean Craig
3914,Krishnendu Chattopadhyay
3915,Robert Clouse
3916,Beth Sleven
3917,Bob Odenkirk
3918,Zoya Akhtar
3919,Maya Zinshtein
3920,Robin Bissell
3921,Daniel Minahan
3922,Michael Rymer
3923,Sonia Kennebeck
3924,Thomas Carter
3925,Afonso Poyart
3926,Sam Dunn
3927,Jeremy Saulnier
3928,Steve Loter
3929,Santhosh Viswanath
3930,Roel Reiné
3931,Karim El Shenawy
3932,Kunihiko Yuyama
3933,Felix Thompson
3934,Nicolas Winding Refn
3935,Katia Lund
3936,Keanu Reeves
3937,Simon Curtis
3938,Muharrem Gülmez
3939,Habib Faisal
3940,George Mendeluk
3941,Alfonso Serrano Maturino
3942,Jon Gunn
3943,Tanwarin Sukkhapisit
3944,Victor Gatonye
3945,Cédric Jimenez
3946,Carlos Vermut
3947,Keiichi Sato
3948,Sam Levinson
3949,Dava Whisenant
3950,Julien Abraham
3951,Judah Friedlander
3952,Andrew Meier
3953,Bryce Wagoner
3954,Mike Wiluan
3955,David Blair
3956,Benedict Andrews
3957,Lô Politi
3958,Maria Burton
3959,Ram Gopal Varma
3960,Jesús Torres Torres
3961,Jose Javier Reyes
3962,Joel Gallen
3963,Robb Wells
3964,Louie Schwartzberg
3965,Mark Neveldine
3966,Louis J. Horvitz
3967,Martha Coolidge
3968,Stephen Hopkins
3969,Julian Jarrold
3970,Kazuya Tsurumaki
3971,Syed Ahmad Afzal
3972,Lygia Barbosa da Silva
3973,Gabriel Clarke
3974,Mika Kaurismäki
3975,Amar Kaushik
3976,Mariana Tschudi
3977,Van M. Pham
3978,Gregory Nava
3979,Paul Brizzi
3980,Kiran Narayanan
3981,Mina Shum
3982,David Lee Miller
3983,Jennifer Morrison
3984,James D. Stern
3985,Erwin van den Eshof
3986,Hoyt Yeatman
3987,Sean Penn
3988,Mike Mills
3989,Mitch Schauer
3990,Sarthak Dasgupta
3991,Chris Butler
3992,Phil Alden Robinson
3993,Álvaro Delgado-Aparicio L.
3994,Yin Chen-hao
3995,Samuel D. Pollard
3996,Zach Braff
3997,Selvamani Selvaraj
3998,Samuel Olatunji
3999,Navneet Behal
4000,Avgousta Zourelidi
4001,Hark Tsui
4002,Avinash Arun
4003,Anne Fletcher
4004,Diego Kaplan
4005,Rebecca Harrell Tickell
4006,Austin Peck
4007,Fritz Ofner
4008,Lyric R. Cabral
4009,Ross Hockrow
4010,Michael Patrick King
4011,Ramin Bahrani
4012,Jacqui Morris
4013,Yulene Olaizola
4014,Gaurav Narayanan
4015,Brandon Jones
4016,Ketche
4017,Jaume Balagueró
4018,James Bobin
4019,Frédéric Tonolli
4020,Lydia Tenaglia
4021,Peter Ramsey
4022,Andrew Tan
4023,Chuck Russell
4024,Gurinder Chadha
4025,Marston Sawyers
4026,Jenny Popplewell
4027,Adam Bolt
4028,Vandana Kataria
4029,Bharat Nalluri
4030,Antonio Serrano
4031,James Yukich
4032,Hong Won-ki
4033,Kayoze Irani
4034,Sam Raimi
4035,Katherine Dieckmann
4036,Vlad Yudin
4037,Qaushiq Mukherjee
4038,Nick Broomfield
4039,Mysskin
4040,Rita Coburn Whack
4041,Colin Strause
4042,Gary Sing
4043,Pamela Romanowsky
4044,Anthony Pierce
4045,Michael McKay
4046,Daniel Wilner
4047,Peter Segal
4048,Steve Brill
4049,Joe Boyd
4050,Christopher Storer
4051,Jérémie Levypon
4052,Kip Andersen
4053,Antoine Fuqua
4054,Ben C. Lucas
4055,Deborah Kaplan
4056,Vijay Milton
4057,Dave Green
4058,Majid Al Ansari
4059,Soham Shah
4060,Rob McKittrick
4061,Julio Medem
4062,Ricky Staub
4063,Nina Paley
4064,Shadae Lamar Smith
4065,Javier Gómez Santander
4066,Marek Kanievska
4067,Joseph Sargent
4068,Shanavas K. Bavakutty
4069,Alex Winter
4070,Alejandro Agresti
4071,Matt Ross
4072,Deepa Mehta
4073,Bruce Robinson
4074,Obaid Alhmoudi
4075,Henry Selick
4076,Ishaya Bako
4077,Dennis Dugan
4078,Sophia Nahli Allison
4079,Levan Tsikurishvili
4080,Juan Zapata
4081,Stephanie Zwane
4082,Kirk Wolfinger
4083,Thanabodee Uawithya
4084,Zackary Canepari
4085,Christopher Martin
4086,Frasco Mortiz
4087,Krish
4088,Juan Pablo Buscarini
4089,Prentice Penny
4090,William Friedkin
4091,Brett Donowho
4092,Michelle Esrick
4093,Andaç Haznedaroğlu
4094,Lana Wachowski
4095,Mark Herman
4096,Ivan Silvestrini
4097,Derek Hui
4098,Charlie Haskell
4099,Manish Gupta
4100,Oliver Twinch
4101,Makoto Hanafusa
4102,Michael Whitton
4103,Kunle Afolayan
4104,John Curran
4105,Adrien Lagier
4106,Afia Nathaniel
4107,Julia Hart
4108,Austin Stark
4109,Célia Catunda
4110,Ehtesham Uddin
4111,Toyin Abraham
4112,John Hughes
4113,Stacie Passon
4114,Gary Binkow
4115,Kieran Darcy-Smith
4116,Michael Duggan
4117,Karthik Narain
4118,Michelle Bello
4119,Marc Abraham
4120,Ari Folman
4121,Marcel Barrena
4122,Peter Webber
4123,Tosin Igho
4124,Emmanuel Amara
4125,Will Forbes
4126,Pablo Martin Farina
4127,Biyi Bandele
4128,Melanie Mayron
4129,Lee Tamahori
4130,Marie Clements
4131,KVR Mahendra
4132,Josh Aronson
4133,Myriam Fares
4134,James Hawes
4135,Lee Chang-dong
4136,Ross Kauffman
4137,Michael Thelin
4138,Mohamed Yassin
4139,Mark O'Connor
4140,Kemi Adetiba
4141,Mohammad Irfan Ramly
4142,James Bamford
4143,Carlos Algara
4144,Mike Gabriel
4145,Brad Peyton
4146,Jeremy Konner
4147,Moinak Biswas
4148,Tope Alake
4149,Philip Yung
4150,Joe Lynch
4151,Scott Pleydell-Pearce
4152,Maria Pulera
4153,Doesjka van Hoogdalem
4154,Aaron Hancox
4155,George Ford
4156,Abhishek Chaubey
4157,Martin Zandvliet
4158,Saurabh Sinha
4159,Moses Inwang
4160,Hamad AlSarraf
4161,Hany Motawie
4162,Pedring A. Lopez
4163,Holger Tappe
4164,Sophie Robinson
4165,Terry Gilliam
4166,Fellipe Barbosa
4167,Rohan Sippy
4168,John Fortenberry
4169,Mike Hodges
4170,Alfonso Cortés-Cavanillas
4171,Pablo Giorgelli
4172,Nick Gomez
4173,Josh Lowell
4174,Raj R
4175,Trevor Ryan
4176,Woo Ming Jin
4177,B. V. Nandini Reddy
4178,Ian Nelms
4179,Wagner de Assis
4180,Hanns-Bruno Kammertöns
4181,Mauro Scandolari
4182,Jeff Gill
4183,Stephen Murray
4184,John Carchietta
4185,Amalie Næsby Fick
4186,Joe Roth
4187,Matthew Cooke
4188,Nathan Morlando
4189,Sam Rega
4190,Peter Spirer
4191,Conrad Vernon
4192,Kang Cheng
4193,Anik Datta
4194,Pa. Ranjith
4195,Adam Randall
4196,Vonda Harrell
4197,Anindya Chatterjee
4198,Sidharth Malhotra
4199,Brett Hedlund
4200,Yen Cheng-kuo
4201,Madeleine Parry
4202,Anthony Wonke
4203,Claus Wehlisch
4204,Zakariya
4205,Kaizad Gustad
4206,Mahesh Bhatt
4207,Sanjib Dey
4208,Chris Miller
4209,Suhas Kadav
4210,Tony Leondis
4211,Michael Harte
4212,Ian Kirby
4213,Gary Ross
4214,Thiru
4215,John Woo
4216,Edward Zwick
4217,Rodney Rothman
4218,Zhao Ji
4219,Michael Mazzola
4220,Pepe Mora
4221,Bhavik Thakore
4222,J.C. Falcón
4223,Sushrut Jain
4224,John Madden
4225,Nishil Sheth
4226,Dimitri Logothetis
4227,Ludovico Di Martino
4228,Renato De Maria
4229,Simranjit Singh Hundal
4230,Sebastian DiNatale
4231,Wenn V. Deramas
4232,Stefon Bristol
4233,Shadab Khan
4234,David Cronenberg
4235,Esteban Vidal
4236,Benjamin Ree
4237,James Toback
4238,Zachary Heinzerling
4239,Bedabrata Pain
4240,Ken Kwapis
4241,Athiyan Athirai
4242,C.J. Wallis
4243,Kees Van Oostrum
4244,Greg McLean
4245,Daniel Scheinert
4246,Terrie Samundra
4247,Sebastián Hofmann
4248,James Spinney
4249,Logan Kibens
4250,Mel Stuart
4251,Elvira Lind
4252,Phil Weinstein
4253,Ry Russo-Young
4254,Rod Cabatana Marmol
4255,Juani Libonatti
4256,Zara Hayes
4257,Jesse V. Johnson
4258,Karen J. Lloyd
4259,Maximilian Erlenwein
4260,Wilson Coneybeare
4261,Marwan Hamed
4262,Kitaro Kosaka
4263,Rajesh Mapuskar
4264,Alexis Almström
4265,Jakob Lass
4266,Anand Tiwari
4267,Ahishor Solomon
4268,Farah X
4269,Aaron Lieber
4270,April Mullen
4271,Ramez Silyan
4272,Wael Ihsan
4273,Peter Billingsley
4274,Shamzu Zayba
4275,Jason Orley
4276,Abhinav Shiv Tiwari
4277,Orlando von Einsiedel
4278,Umesh Shukla
4279,Mohammad Adel
4280,Jonathan Baker
4281,Rana Eid
4282,Shady Hanna
4283,Ringo Lam
4284,John Voorhees
4285,Ron Howard
4286,Jee-woon Kim
4287,Ashish R. Shukla
4288,Pradeep Verma
4289,Kongkiat Komesiri
4290,Syrine Boulanouar
4291,Christian Schwochow
4292,Braden R. Duemmler
4293,Rob Marshall
4294,Victor Dal Chele
4295,Dave Skinner
4296,Ahmed Medhat
4297,Anthony Minghella
4298,George Jackson
4299,Anthony D'Souza
4300,Cody Stokes
4301,Remo D'Souza
4302,Tom Green
4303,Shekhar Kapur
4304,David Shisgall
4305,Shen Chi
4306,Olivier Megaton
4307,Linda Korsten
4308,Wayne Orr
4309,Chris Bould
4310,Renzil D'Silva
4311,Sam Macaroni
4312,Max McGill
4313,Frederick Cipoletti
4314,Nicholas Kharkongor
4315,Ariel Boles
4316,Oyefunke Fayoyin
4317,One9
4318,Milla Harrison-Hansley
4319,Antoni Krauze
4320,Bryn Evans
4321,Chris Sivertson
4322,Ziga Virc
4323,Soudade Kaadan
4324,S.S. Wilson
4325,Zack Whedon
4326,Gary David Goldberg
4327,Saratswadee Wongsomphet
4328,Parkpoom Wongpoom
4329,Alex Israel
4330,Paul Solet
4331,Olivia M. Lamasan
4332,Eric Juhola
4333,Bradley Parker
4334,Luis Alejandro Pérez
4335,Drew Stone
4336,Danny Leiner
4337,Garrett Bradley
4338,Bryan Bertino
4339,Vincent Kok
4340,Jason Krawczyk
4341,Tim Blake Nelson
4342,Saravana Rajan
4343,Tugçe Soysop
4344,Nancy Meyers
4345,Julius Onah
4346,Christopher Smith
4347,Dominic Sena
4348,Erik Ewers
4349,Chris Foggin
4350,Jason Paul Laxamana
4351,John Butler
4352,Bartosz M. Kowalski
4353,Federico D'Alessandro
4354,Jack Starrett
4355,Brendan Malloy
4356,Henry Sarwer-Foner
4357,N. Linguswamy
4358,John Huston
4359,Greta Gerwig
4360,Michael Roberts
4361,Manish Jha
4362,Ash Brannon
4363,Shari Springer Berman
4364,Victor Vu
4365,Kate Melville
4366,Keishi Otomo
4367,Anne Fontaine
4368,Richard Correll
4369,Samar Shaikh
4370,Marcelo Piñeyro
4371,Joe Swanberg
4372,Rai Yuvraj Bains
4373,Ang Lee
4374,Alessandro Pepe
4375,Youssef Chahine
4376,Carlos Morett
4377,Takanobu Mizuno
4378,Alexandre Aja
4379,Pierre Deschamps
4380,Sathyan Anthikad
4381,Amitabha Singh
4382,Adam Del Giudice
4383,Warren P. Sonoda
4384,Sergio Barrejón
4385,Shazia Javed
4386,Stuart Stone
4387,Macon Blair
4388,Alan J. Pakula
4389,Matt Angel
4390,Magnus Martens
4391,Ashutosh Gowariker
4392,Caroline Sá
4393,David Michôd
4394,Andrew L. Schmidt
4395,David Salzberg
4396,Oleg Trofim
4397,Marcelo González
4398,Jeffrey W. Byrd
4399,Rashida Jones
4400,David L. Cunningham
4401,Simon Stone
4402,Arpan Sarkar
4403,Daniel Oriahi
4404,Sanjay Patel
4405,Geetu Mohandas
4406,Kepa Sojo
4407,Liu Jie
4408,Satish Kaushik
4409,Ben Shelton
4410,Petra Costa
4411,John Irvin
4412,Glen Keane
4413,Bejoy Nambiar
4414,Adam Leon
4415,Ryan Murphy
4416,Aitor Arregi
4417,Craig Moss
4418,Gabriela García Rivas
4419,Neeraj Pandey
4420,David Johndrow
4421,Ellen Brown
4422,Riri Riza
4423,Oliver Blackburn
4424,Tim Bartley
4425,Romain Gavras
4426,Will Gluck
4427,Richard Ladkani
4428,Manatsanun Phanlerdwongsakul
4429,Ashok Nanda
4430,Valeria Golino
4431,Ashraf Fayeq
4432,Yang Lei
4433,Lars Klevberg
4434,Franck Ekinci
4435,Ron Davis
4436,Roman Polanski
4437,David Leveaux
4438,Sunil Kumar Agrawal
4439,Tommy Chong
4440,Dylan Bank
4441,Jonathan Sobol
4442,Mat Whitecross
4443,Steve Rash
4444,Randall Lobb
4445,Nanfu Wang
4446,Harvey Lilley
4447,Sophie Sartain
4448,Sam O'Steen
4449,Ben Brewer
4450,Michael Govier
4451,Will Becher
4452,Don Bluth
4453,Rae Red
4454,Jan Belcl
4455,John Maclean
4456,Shawn Crahan
4457,Rakeysh Omprakash Mehra
4458,Ken Ghosh
4459,Jumpei Mizusaki
4460,Michael Socha
4461,Stefan Aust
4462,Almunsif Alsuwaisi
4463,Carlos Pérez Osorio
4464,Saara Cantell
4465,Henry Hathaway
4466,Mark Osborne
4467,Jay Chapman
4468,Philippe Falardeau
4469,Camilla Nielsson
4470,Nicholas de Pencier
4471,Esteban Crespo
4472,Alex Richanbach
4473,Lance Bangs
4474,Emma Hatherley
4475,Charles Officer
4476,Wally Pfister
4477,Denis Hennelly
4478,Reinhard Klooss
4479,Mag Hsu
4480,Michael M. Scott
4481,B. Subhash
4482,Taylor Hackford
4483,Gauri Shinde
4484,David Galán Galindo
4485,Wynn Padula
4486,George Stevens
4487,Michael Carney
4488,Gina Prince-Bythewood
4489,Mu Chu
4490,Nirpal Bhogal
4491,Farah Nabulsi
4492,Dylan C. Brown
4493,Yee Tung-Shing
4494,Sanjiv Jaiswal
4495,Luke Sparke
4496,Rajkumar Hirani
4497,Ed Perkins
4498,David Guy Levy
4499,Ayman Makram
4500,Buz Wallick
4501,Shivam Nair
4502,Gonzalo Bendala
4503,Akhigbe Ilozobhie
4504,Peter Howitt
4505,David L.G. Hughes
4506,Gaëtan Brizzi
4507,Chris Eigeman
4508,Tinnu Anand
4509,Dylan Mohan Gray
4510,Anthony Veiller
4511,Stefan Moore
4512,Dylan Haegens
4513,Terry Hughes
4514,Michael Ware
4515,Phil Burgers
4516,Michael Mason
4517,Riki Lindhome
4518,Pawan K Shrivastava
4519,Chico Pereira
4520,Nik Amir Mustapha
4521,Timo Vuorensola
4522,Erik Canuel
4523,Yoshitaka Takeuchi
4524,Raditya Dika
4525,Christopher Amos
4526,Rohit Mittal
4527,Angelika Sigl
4528,Abir Sengupta
4529,Amardeep Singh Gill
4530,Mike Smith
4531,Andy Tennant
4532,Steve Carr
4533,Hakan Algül
4534,Joseph Mbah
4535,Marek Losey
4536,Scott Aukerman
4537,Takashi Yamazaki
4538,Rachel Mason
4539,Mahin Ibrahim
4540,Julie Taymor
4541,Anton Corbijn
4542,Şenol Sönmez
4543,Pablo Agüero
4544,Maciej Dejczer
4545,Michael Dowse
4546,Daniel Benmayor
4547,Osman Ali
4548,Shuko Murase
4549,Peter Winther
4550,Joel Hopkins
4551,Diego Enrique Osorno
4552,Ricardo Trogi
4553,Spencer Williams
4554,Billy Ray
4555,Stephen Chow
4556,Kuntz Agus
4557,Park Hoon-jung
4558,Stéphane de Freitas
4559,Luke Holland
4560,Neil Triffett
4561,Sarah Adina Smith
4562,John L. Spencer
4563,Eugenio Derbez
4564,Lance Young
4565,Paul Haggis
4566,Travis Zariwny
4567,Shlok Sharma
4568,Nag Ashwin
4569,August Jakobsson
4570,Prakash Jha
4571,Anand Ravichandran
4572,Baltasar Kormákur
4573,Massy Tadjedin
4574,Todd Phillips
4575,Laxman Utekar
4576,Ellen Weissbrod
4577,Rusty Nixon
4578,Mahmoud Karim
4579,Ramzy Bedia
4580,Cedric Nicolas-Troyan
4581,Vasan Bala
4582,Juan Carlos Medina
4583,Sridhar Rangayan
4584,Ava DuVernay
4585,Mfanelo Ngoma
4586,Takuma Sato
4587,Nicolas Cotto
4588,Chris Jenkins
4589,Mimi Leder
4590,Chow Hin Yeung Roy
4591,Che Sandoval
4592,John Asher
4593,Fernando Villena
4594,Eva Orner
4595,Genndy Tartakovsky
4596,Mark Rosman
4597,Jon Rudberg
4598,Steven Soderbergh
4599,Chatchai Katenut
4600,Zhang Chong
4601,Michael Spierig
4602,Nicolás Silbert
4603,Jean-François Richet
4604,Bryan Singer
4605,Robert Berlinger
4606,Simon Wells
4607,Gary Young
4608,Liu Jiang
4609,Jonathan Mostow
4610,Rahul Dholakia
4611,Jay Baruchel
4612,René Pérez Joglar
4613,Anissa Bonnefont
4614,Wendy Jo Carlton
4615,Ertanto Robby Soediskam
4616,Amr Arafa
4617,Barry Avrich
4618,David Schalko
4619,Krishna D.K.
4620,Ethan Hawke
4621,Mark Palansky
4622,Manuel Martín Cuenca
4623,Juan Stadler
4624,Hsu Chih-yen
4625,Kevin Phillips
4626,Sydney Sibilia
4627,Madonna
4628,Kevin Pang
4629,Jay Surridge
4630,LP
4631,Jehane Noujaim
4632,Mike Judge
4633,Fermín Muguruza
4634,Michael Barrett
4635,Rucha Humnabadkar
4636,Jakob Schuh
4637,Smriti Keshari
4638,Chris Koch
4639,Satish Manwar
4640,Rodrigo Van Der Put
4641,Kristian Levring
4642,Filip Renc
4643,Hakan Yonat
4644,Arne Birkenstock
4645,Susan Glatzer
4646,Shady Ali
4647,Smeep Kang
4648,Ben Steele
4649,Chris Perkel
4650,Juan Carlos Rulfo
4651,Mauricio Dias
4652,Riccardo Pilizzeri
4653,Steven Rinella
4654,Mark Columbus
4655,Paakhi Tyrewala
4656,Lai Chun-yu
4657,Kevin Lima
4658,Kirby Dick
4659,Saket Behl
4660,Steven Gomez
4661,Richard Donner
4662,Luke Jurevicius
4663,David Beier
4664,Jason Winer
4665,Evgeny Afineevsky
4666,Monique Gardenberg
4667,David Slade
4668,J.F. Musial
4669,Ricardo de Montreuil
4670,Peyton Reed
4671,Edwin
4672,Oliver Kienle
4673,Leigh Janiak
4674,Amandha Wyanto
4675,Rachel Lears
4676,Atlee Kumar
4677,David Pastor
4678,Jude Okwudiafor Johnson
4679,Julien Royal
4680,Lekh Tandon
4681,Sarjun
4682,Jean-Bernard Marlin
4683,Yoshikazu Yasuhiko
4684,Abbas Mustan
4685,Phil Lord
4686,Daito Manabe
4687,Adam Sjöberg
4688,Amar Gupte
4689,Daniel Espinosa
4690,Myriam Aziza
4691,Max Amini
4692,McG
4693,Raphael Erichsen
4694,Mike Fleiss
4695,Datta Mohan Bhandare
4696,Soumitra Ranade
4697,Peter Middleton
4698,Awi Suryadi
4699,Gary Winick
4700,Alejandro Montiel
4701,Rajiv Menon
4702,Apirak Samudkitpaisan
4703,Chow Kwun-wai
4704,Jim Henson
4705,Raj B. Shetty
4706,Benny Fredman
4707,James Barr
4708,Johan Vorster
4709,Rob Meyer
4710,Tom Donahue
4711,Anvita Dutt
4712,Prasobh Vijayan
4713,Jijo Pancode
4714,Dana Nachman
4715,Jimmy Henderson
4716,Charles Martin Smith
4717,Klaus Erik Okstad
4718,David Zucker
4719,Saji Surendran
4720,Vipin Parashar
4721,Ali Bin Matar
4722,Monty Tiwa
4723,Chris Eneng Enaji
4724,Jonathan Augustin
4725,Tanawat Aiemjinda
4726,Justin Kelly
4727,Katherine Brooks
4728,Abu Bakr Shawky
4729,Paul Tanter
4730,Norberto López Amado
4731,Adam Dubin
4732,Sabina Fedeli
4733,Tan Bing
4734,Dian Sastrowardoyo
4735,Roberto De Feo
4736,Nanette Burstein
4737,Sue Ding
4738,Justin Webster
4739,Iman Brotoseno
4740,Rob Burnett
4741,Kevin Ko
4742,Shelly Chopra Dhar
4743,Jody Hill
4744,Dirk Laabs
4745,Muzi Mthembu
4746,Prime Cruz
4747,Reuben Atlas
4748,Leandro Neri
4749,Bart Freundlich
4750,Larry Elikann
4751,James Wong
4752,Scott Moran
4753,Ernie Barbarash
4754,Jayson Thiessen
4755,Saron Sakina
4756,John Putch
4757,Seth Fuller
4758,V C Abhilash
4759,Todd S. Yellin
4760,Umesh Mehra
4761,Michael Barnett
4762,Chia Tang
4763,Genevieve Nnaji
4764,Udoka Oyeka
4765,Manika Sharma
4766,Theodore Melfi
4767,Eylem Kaftan
4768,Sermiyan Midyat
4769,Todd Biermann
4770,Trent Haaga
4771,David LaChapelle
4772,Songyos Sugmakanan
4773,Sneha Taurani
4774,Anders Falck
4775,Alastair Fothergill
4776,Roman Gackowski
4777,Isabel Sandoval
4778,Daniel Gordon
4779,Mohammed Alhmly
4780,Phil Nibbelink
4781,Law Wing-cheong
4782,Jerry Seinfeld
4783,Natalie Portman
4784,Kim Nguyen
4785,Lonzo Nzekwe
4786,David Hunt
4787,Ramon Térmens
4788,Sushil Majumdar
4789,Valeria Pivato
4790,Jeff Baena
4791,Steven Tsuchida
4792,Joaquín Mazón
4793,Susanne Bier
4794,Dare Olaitan
4795,Uduak-Obong Patrick
4796,Don Argott
4797,John Mitchell
4798,César Rodrigues
4799,Ekachai Uekrongtham
4800,Justin Bare
4801,Elissa Down
4802,Juan José Campanella
4803,Isabel Coixet
4804,Han Kwang Il
4805,John Dower
4806,Yasushi Kawamura
4807,Kheiron
4808,Blayne Weaver
4809,Daniel Vernon
4810,Mariano Mucci
4811,Padraic McKinley
4812,Kobun Shizuno
4813,Tariq Khan
4814,Errol Morris
4815,Ariel Schulman
4816,Anurag Kashyap
4817,Kareem Tabsch
4818,Priyadarshan
4819,Ahmed Yousry
4820,Michael Martin
4821,Stacy Title
4822,Cho Li
4823,Olivier Marchal
4824,Angelina Jolie
4825,Eeshwar Nivas
4826,Birkan Pusa
4827,Matthew Ross
4828,Puri Jagannadh
4829,Alberto Arnaut Estrada
4830,Praveen Kandregula
4831,Sonny Mallhi
4832,Dustin Hoffman
4833,Francine Parker
4834,Peter Hutchings
4835,Jared Hess
4836,Jay Bulger
4837,Wim Wenders
4838,Jastis Arimba
4839,Steven Zaillian
4840,Lu Yang
4841,D Ho
4842,Semi Chellas
4843,Steven Knight
4844,Raj Kaushal
4845,Brad Furman
4846,Sharan Koppisetty
4847,Paween Purijitpanya
4848,Jon Favreau
4849,John Michael McDonagh
4850,Robb Dipple
4851,Chris Burkard
4852,Jake Paltrow
4853,Saul Dibb
4854,Safdar Rahman
4855,Sang-ho Yeon
4856,Krysia Plonka
4857,Alejandro G. Iñárritu
4858,Daniel Lee
4859,Shashanka Ghosh
4860,Niels Arden Oplev
4861,Nicholas Zeig-Owens
4862,Marja Lewis Ryan
4863,Rodrigo Salomón
4864,Greg Pritikin
4865,Shashilal K. Nair
4866,Joseph Ruben
4867,Jonathan Demme
4868,Michael Feifer
4869,José Luis Gutiérrez
4870,Olivier Roland
4871,Jose Gomez
4872,Richard J Montoya
4873,Ashim Ahluwalia
4874,Douglas Attal
4875,Amarpreet G S Chabbra
4876,Li Jun
4877,Khaled Youssef
4878,Manbhavan Singh
4879,Rindala Kodeih
4880,Ali Taner Baltacı
4881,Yuval Adler
4882,Reginald Hudlin
4883,Maria Sadowska
4884,Jalil Lespert
4885,Adekunle Nodash Adejuyigbe
4886,Sita Likitvanichkul
4887,Nelson McCormick
4888,Jeffrey Friedman
4889,Fredrick Munk
4890,Patricia Ferreira
4891,Justin Chon
4892,Justin Benson
4893,Ahsan Rahim
4894,Kookie V. Gulati
4895,Olivier Nakache
4896,John Dahl
4897,Ravi Babu
4898,Susan Lacy
4899,Sırrı Süreyya Önder
4900,Casey Suchan
4901,Swapnaneel Jayakar
4902,Kingsley Ogoro
4903,Rohit Shetty
4904,Funke Akindele
4905,Danny Boyle
4906,David de Vos
4907,C. Fitz
4908,Pieter-Jan De Pue
4909,Meisa Felaroze
4910,Roberta Grossman
4911,Jonathan Clay
4912,Ticoy Rodriguez
4913,Amin Dora
4914,Jon Shenk
4915,Hussein Kamal
4916,James Dearden
4917,Charneice Fox
4918,Stephanie Laing
4919,Julien War
4920,Scott L. Montoya
4921,Ganesh Kadam
4922,Maria Ripoll
4923,Kevin Macdonald
4924,Sabu Varghese
4925,Hazem Fouda
4926,Lasja Fauzia Susatyo
4927,Elaine McMillion Sheldon
4928,Ashu Trikha
4929,Teddy Chan
4930,Ahmad El-Badri
4931,Robert Bahar
4932,John R. Leonetti
4933,Max Martini
4934,Rajat Kapoor
4935,Eric Meza
4936,Noel Dockstader
4937,Alison MacLean
4938,Jevons Au
4939,Hasraf Dulull
4940,Emcy Joseph
4941,Frank Paur
4942,Jennifer Baichwal
4943,G.J. Echternkamp
4944,Francis Whately
4945,Manjeet Singh
4946,Jon Manning
4947,Archie Hekagery
4948,José Miguel Contreras
4949,Peter Sullivan
4950,Jason James
4951,Todd Wider
4952,Sohail Khan
4953,Li Pei-Chuan
4954,Stuart Orme
4955,Kike Maíllo
4956,Pat Healy
4957,Leticia Jorge Romero
4958,Ted Emery
4959,Martin Scorsese
4960,Kery James
4961,Wilson Yip
4962,Almudena Carracedo
4963,Jadesola Osiberu
4964,Sanjay Leela Bhansali
4965,Andrew Dominik
4966,Houssam El-Din Mustafa
4967,Gabriela Cowperthwaite
4968,Stuart Baird
4969,Rodrigo Triana
4970,Shaun Mir
4971,Kevan Peterson
4972,Jared Stern
4973,Al Campbell
4974,Nzingha Stewart
4975,Dean DeBlois
4976,Alan Alda
4977,Sergio Pablos
4978,Janusz Majewski
4979,Vipul Amrutlal Shah
4980,Alankrita Shrivastava
4981,Hong-seon Kim
4982,Vincent Perez
4983,Akshay Akkineni
4984,Adam Carolla
4985,John Wells
4986,Sanjay Gupta
4987,Jacques Perrin
4988,Eric Stoltz
4989,Stéphane Berla
4990,Sunkanmi Adebayo
4991,Christopher Chambers
4992,Digo Ricio
4993,Jon Spira
